race_id,horse_id,position
rac_11574771,hrs_36793652,1
rac_11574771,hrs_35796698,2
rac_11574771,hrs_22149911,3
rac_11574771,hrs_24819613,4
rac_11574771,hrs_24948539,5
rac_11574771,hrs_31287844,6
rac_11574771,hrs_35675647,7
rac_11574771,hrs_40942076,8
rac_11574771,hrs_22180802,9
rac_11574771,hrs_29906835,10
rac_11574771,hrs_35796677,11
rac_11574771,hrs_10303090,11
rac_11574771,hrs_36696289,13
rac_11574771,hrs_36515157,14
rac_11574771,hrs_6260142,15
rac_11574771,hrs_35149149,16
rac_11574771,hrs_35686567,17
rac_11610573,hrs_29538572,1
rac_11610573,hrs_35580545,2
rac_11610573,hrs_41939191,3
rac_11610573,hrs_22523641,4
rac_11610573,hrs_24066763,5
rac_11610573,hrs_22487899,6
rac_11610573,hrs_35484491,7
rac_11610573,hrs_21404446,8
rac_11610573,hrs_23441712,9
rac_11574667,hrs_19107767,1
rac_11574667,hrs_20016514,2
rac_11574667,hrs_33904752,3
rac_11574667,hrs_32808832,4
rac_11574667,hrs_36123003,5
rac_11574667,hrs_37932510,6
rac_11574667,hrs_35714483,7
rac_11574667,hrs_35580720,8
rac_11574667,hrs_36036826,9
rac_11574667,hrs_31565534,10
rac_11574667,hrs_39296383,11
rac_11610612,hrs_31069430,1
rac_11610612,hrs_21403753,2
rac_11610612,hrs_23568251,3
rac_11610612,hrs_30907968,4
rac_11610612,hrs_27166524,5
rac_11610612,hrs_41072556,6
rac_11610612,hrs_18892335,7
rac_11610612,hrs_24907680,8
rac_11610612,hrs_30455362,9
rac_11574576,hrs_35528689,1
rac_11574576,hrs_15429393,2
rac_11574576,hrs_30344769,3
rac_11574576,hrs_15536668,4
rac_11574576,hrs_17762213,5
rac_11574576,hrs_36665076,6
rac_11574576,hrs_41153014,7
rac_11574628,hrs_41346466,1
rac_11574628,hrs_45095148,2
rac_11574628,hrs_42041398,3
rac_11574628,hrs_42944083,4
rac_11574628,hrs_44043706,5
rac_11574628,hrs_42451997,6
rac_11574628,hrs_47655293,7
rac_11574628,hrs_44481290,8
rac_11574745,hrs_38119074,1
rac_11574745,hrs_36738653,2
rac_11574745,hrs_25263273,3
rac_11574745,hrs_36738667,4
rac_11574745,hrs_24846409,5
rac_11574745,hrs_31660874,6
rac_11574745,hrs_10524024,7
rac_11574745,hrs_39848648,8
rac_11574745,hrs_7313033,9
rac_11574745,hrs_24685913,10
rac_11574524,hrs_31189613,1
rac_11574524,hrs_33165104,2
rac_11574524,hrs_35336861,3
rac_11574524,hrs_36484994,4
rac_11574524,hrs_17763319,5
rac_11574524,hrs_24854599,6
rac_11574615,hrs_33150019,1
rac_11574615,hrs_37686880,2
rac_11574615,hrs_30941127,3
rac_11574615,hrs_34874385,4
rac_11574615,hrs_39698869,5
rac_11574615,hrs_45157749,6
rac_11574615,hrs_38942988,7
rac_11574615,hrs_15116185,8
rac_11574693,hrs_33830258,1
rac_11574693,hrs_28098217,2
rac_11574693,hrs_26187252,3
rac_11574693,hrs_41033811,4
rac_11574693,hrs_21342146,5
rac_11574693,hrs_24935449,6
rac_11574693,hrs_35335685,7
rac_11574693,hrs_24846598,8
rac_11574693,hrs_23897363,9
rac_11574563,hrs_34220970,1
rac_11574563,hrs_35992320,2
rac_11574563,hrs_32180596,3
rac_11574563,hrs_10383583,4
rac_11574563,hrs_46749150,5
rac_11574563,hrs_29918091,6
rac_11574563,hrs_48789076,7
rac_11574563,hrs_31644655,8
rac_11574563,hrs_34099548,9
rac_11574602,hrs_45475570,1
rac_11574602,hrs_42452081,2
rac_11574602,hrs_44816625,3
rac_11574602,hrs_45157665,4
rac_11574602,hrs_48667591,5
rac_11574719,hrs_30357761,1
rac_11574719,hrs_21794619,2
rac_11574719,hrs_35729652,3
rac_11574719,hrs_31725176,4
rac_11574719,hrs_36793638,5
rac_11574719,hrs_35336448,6
rac_11574719,hrs_35554554,7
rac_11574719,hrs_25251877,8
rac_11574719,hrs_22797831,9
rac_11574719,hrs_23085083,10
rac_11574719,hrs_22163995,11
rac_11574719,hrs_25868451,12
rac_11574719,hrs_36515619,13
rac_11574511,hrs_43228885,1
rac_11574511,hrs_18747918,2
rac_11574511,hrs_37730301,3
rac_11574511,hrs_38073616,4
rac_11574511,hrs_37686922,5
rac_11574511,hrs_22739857,6
rac_11574511,hrs_27578908,7
rac_11576591,hrs_51373581,1
rac_11576591,hrs_50402506,2
rac_11576591,hrs_46547074,3
rac_11576591,hrs_47837195,4
rac_11576591,hrs_39699072,5
rac_11576591,hrs_39996635,6
rac_11576591,hrs_45255889,7
rac_11576591,hrs_48644568,8
rac_11576591,hrs_41585810,9
rac_11576591,hrs_47985672,10
rac_11574654,hrs_46326945,1
rac_11574654,hrs_33729864,2
rac_11574654,hrs_30940994,3
rac_11574654,hrs_34845923,4
rac_11574654,hrs_40514614,5
rac_11576682,hrs_49389193,1
rac_11576682,hrs_51186863,2
rac_11576682,hrs_41033804,3
rac_11576682,hrs_51766554,4
rac_11576682,hrs_46850853,5
rac_11576682,hrs_50936004,6
rac_11576682,hrs_51766533,7
rac_11576682,hrs_51766526,8
rac_11574706,hrs_36664957,1
rac_11574706,hrs_29509046,2
rac_11574706,hrs_36137402,3
rac_11574706,hrs_31996118,4
rac_11574706,hrs_22334977,5
rac_11574706,hrs_21867097,6
rac_11574589,hrs_30738155,1
rac_11574589,hrs_26835032,2
rac_11574589,hrs_35446439,3
rac_11574589,hrs_34472046,4
rac_11574589,hrs_29801702,5
rac_11574589,hrs_25810932,6
rac_11574589,hrs_26314673,7
rac_11574589,hrs_35580587,8
rac_11574589,hrs_26539842,9
rac_11574589,hrs_35513618,10
rac_11574589,hrs_35580559,11
rac_11574589,hrs_22241317,12
rac_11574485,hrs_19645962,1
rac_11574485,hrs_37289511,2
rac_11574485,hrs_28533204,3
rac_11574485,hrs_31451308,4
rac_11574485,hrs_36588412,5
rac_11574485,hrs_40514670,6
rac_11574485,hrs_29227163,7
rac_11574485,hrs_31300283,8
rac_11574485,hrs_34471017,9
rac_11574485,hrs_37790291,10
rac_11574485,hrs_32197235,11
rac_11574485,hrs_21955528,12
rac_11574485,hrs_38017483,13
rac_11574485,hrs_34238183,14
rac_11576578,hrs_40116622,1
rac_11576578,hrs_35175931,2
rac_11576578,hrs_39699261,3
rac_11574641,hrs_39961670,1
rac_11574641,hrs_47807312,2
rac_11574641,hrs_42226156,3
rac_11574641,hrs_41662264,3
rac_11574641,hrs_40919487,5
rac_11574641,hrs_39190543,6
rac_11574641,hrs_41564971,7
rac_11576617,hrs_41171837,1
rac_11576617,hrs_36499813,2
rac_11576617,hrs_17930941,3
rac_11576617,hrs_39659704,4
rac_11576617,hrs_22057119,5
rac_11576617,hrs_21387716,6
rac_11576617,hrs_34456849,7
rac_11574758,hrs_51557681,1
rac_11574758,hrs_51557877,2
rac_11574758,hrs_44075675,3
rac_11574758,hrs_51491587,4
rac_11574758,hrs_47313735,5
rac_11574758,hrs_51766792,6
rac_11574758,hrs_41090889,7
rac_11574758,hrs_39960291,8
rac_11574758,hrs_45921617,9
rac_11574758,hrs_51273355,10
rac_11574758,hrs_46013611,11
rac_11574758,hrs_51273369,12
rac_11574758,hrs_45157672,13
rac_11574758,hrs_51491552,14
rac_11574758,hrs_50841994,15
rac_11574550,hrs_51342270,1
rac_11574550,hrs_51766505,2
rac_11574550,hrs_51766498,3
rac_11574550,hrs_51273131,4
rac_11574550,hrs_51736097,5
rac_11574550,hrs_51766484,6
rac_11574550,hrs_51766512,7
rac_11574550,hrs_51273054,8
rac_11574550,hrs_51766477,UR
rac_11574472,hrs_45791956,1
rac_11574472,hrs_51766715,2
rac_11574472,hrs_44264556,3
rac_11574472,hrs_44785895,4
rac_11574472,hrs_51736013,5
rac_11574472,hrs_44786679,6
rac_11574472,hrs_50435329,7
rac_11576565,hrs_34457262,1
rac_11576565,hrs_41228733,2
rac_11576565,hrs_46974879,3
rac_11576565,hrs_34073564,4
rac_11576565,hrs_40899782,PU
rac_11574680,hrs_29761361,1
rac_11574680,hrs_35123732,2
rac_11574680,hrs_7923125,3
rac_11574680,hrs_29227863,4
rac_11574680,hrs_35813274,5
rac_11574680,hrs_41442961,6
rac_11574680,hrs_21856856,7
rac_11576604,hrs_24921309,1
rac_11576604,hrs_35039319,2
rac_11576604,hrs_30315761,3
rac_11576604,hrs_17274131,4
rac_11576604,hrs_37576770,5
rac_11574732,hrs_51766764,1
rac_11574732,hrs_51373735,2
rac_11574732,hrs_51766834,3
rac_11574732,hrs_51766785,4
rac_11574732,hrs_50434699,5
rac_11574732,hrs_51766799,6
rac_11574732,hrs_51766778,7
rac_11574732,hrs_51766841,8
rac_11574732,hrs_51766771,9
rac_11574732,hrs_51273068,10
rac_11574537,hrs_39059811,1
rac_11574537,hrs_47985700,2
rac_11574537,hrs_35336833,3
rac_11574537,hrs_43352064,4
rac_11574537,hrs_50668079,5
rac_11574498,hrs_42814996,1
rac_11574498,hrs_51557660,2
rac_11574498,hrs_45534874,3
rac_11574498,hrs_40920705,4
rac_11574498,hrs_45887758,5
rac_11574498,hrs_46974921,6
rac_11574498,hrs_44232440,7
rac_11574498,hrs_41152993,8
rac_11574498,hrs_49012845,9
rac_11574498,hrs_47655328,10
rac_11574498,hrs_51766680,11
rac_11574498,hrs_51766694,12
rac_11563526,hrs_29622138,1
rac_11563526,hrs_28191275,2
rac_11563526,hrs_11067266,3
rac_11563526,hrs_21512316,4
rac_11563526,hrs_29117291,5
rac_11563526,hrs_18581773,6
rac_11563526,hrs_22697192,7
rac_11563526,hrs_30175740,8
rac_11563526,hrs_32637815,BD
rac_11563526,hrs_30614521,CO
rac_11563526,hrs_25040638,F
rac_11563526,hrs_29394442,F
rac_11563526,hrs_29523382,F
rac_11563526,hrs_12632053,PU
rac_11563526,hrs_22738611,PU
rac_11563526,hrs_22983233,PU
rac_11563526,hrs_23490082,PU
rac_11563526,hrs_24141453,PU
rac_11563526,hrs_24194744,PU
rac_11563526,hrs_28707035,PU
rac_11563526,hrs_32401985,PU
rac_11563526,hrs_33859749,PU
rac_11563526,hrs_18212488,UR
rac_11576656,hrs_21816326,1
rac_11576656,hrs_29522577,2
rac_11576656,hrs_41229734,3
rac_11576656,hrs_40669139,4
rac_11576656,hrs_39392045,5
rac_11576656,hrs_37407790,PU
rac_11574459,hrs_35714455,1
rac_11574459,hrs_37758308,2
rac_11574459,hrs_28013125,3
rac_11574459,hrs_28098266,4
rac_11574459,hrs_37407930,5
rac_11574459,hrs_31369261,6
rac_11574459,hrs_36022721,7
rac_11574459,hrs_35840798,8
rac_11574459,hrs_29917916,9
rac_11574459,hrs_29227870,10
rac_11574459,hrs_31631397,11
rac_11574459,hrs_35336434,12
rac_11574459,hrs_34472886,13
rac_11574459,hrs_34471094,14
rac_11576552,hrs_38649772,1
rac_11576552,hrs_35417116,2
rac_11576552,hrs_33478865,3
rac_11576552,hrs_41191381,4
rac_11576552,hrs_29523270,5
rac_11576552,hrs_28903581,6
rac_11576552,hrs_35055251,7
rac_11576552,hrs_29522815,PU
rac_11576552,hrs_38270484,PU
rac_11576643,hrs_37096073,1
rac_11576643,hrs_27997354,2
rac_11576643,hrs_34845440,3
rac_11576643,hrs_23796514,4
rac_11576643,hrs_26849326,5
rac_11576643,hrs_37987873,6
rac_11576643,hrs_28891653,7
rac_11576643,hrs_39488260,F
rac_11576643,hrs_25952465,PU
rac_11576643,hrs_34470688,PU
rac_11574420,hrs_44659874,1
rac_11574420,hrs_40805555,2
rac_11574420,hrs_45226377,3
rac_11574420,hrs_42846755,4
rac_11574420,hrs_39190641,5
rac_11574420,hrs_43003345,6
rac_11574420,hrs_46077311,7
rac_11574420,hrs_39960186,8
rac_11574420,hrs_50498224,9
rac_11574420,hrs_47744228,10
rac_11563539,hrs_35054327,1
rac_11563539,hrs_37974846,2
rac_11563539,hrs_29917475,3
rac_11563539,hrs_29409758,4
rac_11563539,hrs_29422449,5
rac_11563539,hrs_35610190,6
rac_11563539,hrs_34948592,7
rac_11563539,hrs_34932100,8
rac_11563539,hrs_25213363,9
rac_11563539,hrs_33375076,F
rac_11563539,hrs_34457241,F
rac_11563539,hrs_34268640,PU
rac_11576669,hrs_33774524,1
rac_11576669,hrs_35123578,2
rac_11576669,hrs_10214603,3
rac_11576669,hrs_38792579,4
rac_11576669,hrs_25026435,5
rac_11576669,hrs_29907171,6
rac_11576669,hrs_30469481,7
rac_11576669,hrs_32751341,8
rac_11576669,hrs_22738933,9
rac_11576669,hrs_21035567,PU
rac_11574446,hrs_40919242,1
rac_11574446,hrs_50187802,2
rac_11574446,hrs_39960760,3
rac_11574446,hrs_40859385,4
rac_11574446,hrs_41189806,5
rac_11574446,hrs_41441953,6
rac_11574446,hrs_41565090,7
rac_11574446,hrs_43507457,8
rac_11574446,hrs_40919662,9
rac_11574446,hrs_46634798,10
rac_11574446,hrs_41171298,11
rac_11574446,hrs_40225724,12
rac_11574446,hrs_46515378,13
rac_11574446,hrs_43572942,14
rac_11574446,hrs_41053754,15
rac_11576526,hrs_16761871,1
rac_11576526,hrs_27861722,2
rac_11576526,hrs_27794095,3
rac_11576526,hrs_33479075,4
rac_11576526,hrs_33165384,5
rac_11576526,hrs_29523186,PU
rac_11576526,hrs_32653838,PU
rac_11576630,hrs_39296628,1
rac_11576630,hrs_37987859,2
rac_11576630,hrs_22914850,3
rac_11576630,hrs_41052431,4
rac_11574433,hrs_30822274,1
rac_11574433,hrs_38449950,2
rac_11574433,hrs_35840826,3
rac_11574433,hrs_36763594,4
rac_11574433,hrs_36484952,5
rac_11574433,hrs_35767613,6
rac_11574433,hrs_35729862,7
rac_11576539,hrs_34073389,1
rac_11576539,hrs_22655941,2
rac_11576539,hrs_17756781,3
rac_11576539,hrs_27698342,4
rac_11576539,hrs_28517419,5
rac_11576539,hrs_16342123,6
rac_11576539,hrs_26988367,PU
