sire_id,sire
sir_5917226,Kingston Hill
sir_3932551,Khalkevi
sir_3297462,Kayf Tara
sir_6307308,Chanducoq
sir_4944793,Kamsin
sir_7340921,Wings Of Eagles
sir_4532486,Champs Elysees
sir_676046,Flemensfirth
sir_4128446,Notnowcato
sir_5958330,Jack Hobbs
sir_5839988,Cokoriko
sir_4223408,Doctor Dino
sir_5728562,Telescope
sir_3734157,Milan
sir_7784448,National Defense
sir_3700067,Samum
sir_3983700,Doyen
sir_4804191,Falco
sir_5603829,Ocovango
sir_4009460,Shirocco
sir_4905173,Montmartre
sir_4086887,Yeats
sir_5147233,Zanzibari
sir_3885084,Secret Singer
sir_5237701,Nathaniel
sir_3892441,Sulamani
sir_4624284,Soldier Of Fortune
sir_4989285,Sans Frontieres
sir_4645585,Authorized
sir_5498255,Universal
sir_6096356,Walzertakt
sir_5333650,Jet Away
sir_7976311,Pillar Coral
sir_3816407,Saint Des Saints
sir_4123686,Court Cave
sir_3927665,Westerner
sir_6179754,Choeur Du Nord
sir_4602430,Getaway
sir_5551420,Masterstroke
sir_13423760,Beaumec De Houelle
sir_3993948,Kapgarde
sir_4218179,Walk In The Park
sir_4494917,Papal Bull
sir_5783750,Free Eagle
sir_4224962,Scorpion
sir_6126435,Proconsul
sir_6838293,Castle Du Berlais
sir_4485502,Youmzain
sir_5957371,Dartmouth
sir_5928272,Fascinating Rock
sir_3769220,Califet
sir_3722383,Galileo
sir_5988269,Muhaarar
sir_5152770,Showcasing
sir_14902776,Magna Grecia
sir_6312670,Almanzor
sir_3845786,Great Pretender
sir_6014925,Gleneagles
sir_4178412,Lord Du Sud
sir_676165,Presenting
sir_5063387,Air Chief Marshal
sir_3207309,Craigsteel
sir_5835837,Libertarian
sir_4486727,Linda's Lad
sir_4624228,Mount Nelson
sir_4494735,Sixties Icon
sir_5221342,No Risk At All
sir_5164208,Poet's Voice
sir_3814832,Rock Of Gibraltar
sir_4217458,Footstepsinthesand
sir_6281926,Harzand
sir_4209772,Malinas
sir_6126946,Frontiersman
sir_4127830,Dubawi
sir_4868829,Sea The Stars
sir_10465427,Ghaiyyath
sir_5493992,Camelot
sir_4080139,Kodiac
sir_9923655,Sioux Nation
sir_5566554,Pearl Secret
sir_9602586,Havana Grey
sir_10246215,Invincible Army
sir_4677225,Lawman
sir_5927481,Sea The Moon
sir_5638892,Bungle Inthejungle
sir_7032655,Mehmas
sir_5327504,Dream Ahead
sir_5925710,Due Diligence
sir_6338269,Aclaim
sir_3548489,Invincible Spirit
sir_4459483,Dandy Man
sir_4701529,Dark Angel
sir_7157318,Ardad
sir_4216086,Camacho
sir_14220731,Calyx
sir_5084065,Starspangledbanner
sir_5298622,Mayson
sir_7175189,Blue Point
sir_6308554,Gun Runner
sir_8866032,Masar
sir_8174257,Cracksman
sir_13368124,Land Force
sir_13695164,Hello Youmzain
sir_5133128,Siyouni
sir_4091143,Iffraaj
sir_5865139,Zoustar
sir_5246346,Wootton Bassett
sir_5494055,Gregorian
sir_5292651,Zoffany
sir_5800130,Lightning Spear
sir_6124769,Awtaad
sir_10504137,Expert Eye
sir_19359298,Kameko
sir_18619580,Pinatubo
sir_15030547,Persian King
sir_5876514,Night Of Thunder
sir_5178992,Bated Breath
sir_19035702,Earthlight
sir_4761330,Adlerflug
sir_5601386,Battle Of Marengo
sir_5237785,Reliable Man
sir_5412708,Imperial Monarch
sir_6319173,Zarak
sir_4624179,Mahler
sir_4690833,New Approach
sir_4168122,Balko
sir_6091939,Storm The Stars
sir_4966836,Jukebox Jury
sir_5344241,Masked Marvel
sir_5720169,Leading Light
sir_5957350,Ol' Man River
sir_18001074,Nirvana Du Berlais
sir_3852772,Black Sam Bellamy
sir_4482254,Dylan Thomas
sir_4495463,Jeremy
sir_4097646,Apsis
sir_4087860,Geordieland
sir_5369000,Maxios
sir_2998898,Passing Glance
sir_3839283,Sholokhov
sir_4871055,Fame And Glory
sir_4538492,Ask
sir_4924724,Blue Bresil
sir_4820571,Virtual
sir_3616242,Beat Hollow
sir_4237240,Laverock
sir_4724783,Brave Mansonnien
sir_740670,Shantou
sir_3842790,Ballingarry
sir_3862593,Martaline
sir_4572834,Gentlewave
sir_3782352,Dubai Destination
sir_4872385,Legolas
sir_366520,Turgeon
sir_3723643,Network
sir_5636862,Alhebayeb
sir_3897341,Policy Maker
sir_5784198,Affinisea
sir_5181561,Diamond Boy
sir_3548951,Sandmason
sir_5991769,Kool Kompany
sir_6059046,Order Of St George
sir_6006707,Jeu St Eloi
sir_5857859,Postponed
sir_4602234,Holy Roman Emperor
sir_5884984,The Grey Gatsby
sir_6028491,Vadamos
sir_6051941,Territories
sir_4971393,Yorgunnabelucky
sir_4782463,Sageburg
sir_4839422,Kap Rock
sir_5379878,Sea Moon
sir_3502310,Enrique
sir_5239360,Quest For Peace
sir_5164180,Elusive Pimpernel
sir_5735996,Pether's Moon
sir_4741954,Zambezi Sun
sir_4628113,Schiaparelli
sir_3807587,Arvico
sir_3922548,Morozov
sir_4784598,Famous Name
sir_4546038,Teofilo
sir_11118415,Saxon Warrior
sir_6106975,New Bay
sir_3660062,Saddler Maker
sir_5740378,Valirann
sir_3957289,Brian Boru
sir_5617752,Havana Gold
sir_5866273,Night Wish
sir_3234854,Cloudings
sir_4639740,Lucarno
sir_12355945,Frammassone
sir_4703412,Myboycharlie
sir_11016229,Roaring Lion
sir_5322954,Casamento
sir_21010010,Sogann
sir_6066578,Twilight Son
sir_13368145,Sergei Prokofiev
sir_5957938,Time Test
sir_19600987,Wooded
sir_6104063,Make Believe
sir_5874547,No Nay Never
sir_6125343,Ulysses
sir_11448332,Study Of Man
sir_4779124,Raven's Pass
sir_6028834,Cotai Glory
sir_5988948,Kodi Bear
sir_13695283,Ten Sovereigns
sir_14691040,Shaman
sir_5377211,Al Kazeem
sir_5186867,Lope De Vega
sir_8501080,Inns Of Court
sir_10782604,Sands Of Mali
sir_6035519,Profitable
sir_5601162,Sir Prancealot
sir_4760049,Stimulation
sir_4996964,Cityscape
sir_4045216,Exceed And Excel
sir_6257503,Ribchester
sir_13788572,Advertise
sir_4784353,Tale Of Two Cities
sir_5413016,Mukhadram
sir_3789198,Acclamation
sir_7013188,Harry Angel
sir_13020504,Soldier's Call
sir_6345339,Churchill
sir_5877137,Outstrip
sir_6026251,Brazen Beau
sir_5711006,Garswood
sir_15566474,Mohaather
sir_6068706,Frosted
sir_6028827,Adaay
sir_5602422,Feel Like Dancing
sir_4688159,Coastal Path
sir_5771157,Ivanhowe
sir_4848690,It's Gino
sir_6290277,The Gurkha
sir_4548635,Spanish Moon
sir_5312636,Tin Horse
sir_4200735,Bonbon Rose
sir_3622080,Sinndar
sir_3276504,Muhtathir
sir_4497822,Kentucky Dynamite
sir_3090514,Well Chosen
sir_3647567,Al Namix
sir_5730277,Morandi
sir_3795330,Desir D'Un Soir
sir_4749731,Dansant
sir_3543505,Maresca Sorrento
sir_6245778,Nutan
sir_5411385,Born To Sea
sir_5785444,Australia
sir_6057142,Golden Horn
sir_5827822,Coach House
sir_21685482,Ubettabelieveit
sir_21670488,Nando Parrado
sir_21678475,Lucky Vega
sir_21649551,Supremacy
sir_16762004,Lope Y Fernandez
sir_4817246,Tamayuz
sir_5528656,Heeraat
sir_6138986,Tasleet
sir_6017487,Charming Thought
sir_5957903,Portamento
sir_6010662,Cappella Sansevero
sir_9992339,Unfortunately
sir_6232947,Galileo Gold
sir_3960579,Oasis Dream
sir_5860085,Cable Bay
sir_5308828,Albaasil
sir_2921590,Intrinsic
sir_6017543,Belardo
sir_21995442,Alkumait
sir_14220528,Raging Bull
sir_5808516,Kuroshio
sir_5880140,Kingman
sir_4038104,Pastoral Pursuits
sir_5818785,Anjaal
sir_6752270,The Last Lion
sir_5344171,Frankel
sir_14576338,Phoenix Of Spain
sir_6125028,Massaat
sir_4585931,Hellvelyn
sir_12573540,Rumble Inthejungle
sir_13368159,The Irish Rover
sir_6158376,Pride Of Dubai
sir_5507334,Dragon Pulse
sir_4163390,Kitten's Joy
sir_14985173,Too Darn Hot
sir_5925682,Bobby's Kitten
sir_7341264,Koropick
sir_9942359,U S Navy Flag
sir_3691611,Kyllachy
sir_6201195,Washington DC
sir_5535299,Dabirsim
sir_4759678,Fast Company
sir_3647602,Tiger Groom
sir_4870369,Mastercraftsman
sir_6925198,Caravaggio
sir_4247215,Manduro
sir_4131533,Motivator
sir_5021548,Le Havre
sir_530859,Beneficial
sir_3188248,Stowaway
sir_634410,Winged Love
sir_5740294,Bathyrhon
sir_8009960,Manbolix
sir_3689966,Robin Des Champs
sir_3708180,Tobougg
sir_4491872,Multiplex
sir_3234945,Oscar
sir_614005,Midnight Legend
sir_3987102,Soldier Hollow
sir_5710586,Triple Threat
sir_5509343,Waldpark
sir_5859679,Berkshire
sir_5198053,Workforce
sir_5958869,Decorated Knight
sir_5272953,Elzaam
sir_3897691,Phoenix Reach
sir_4761463,Rajj
sir_4514419,Kendargent
sir_5302829,Roderic O'Connor
sir_6167980,Buratino
sir_8024303,City Light
sir_5454624,Power
sir_5440085,Sepoy
sir_9601879,Rajasinghe
sir_18120207,Far Above
sir_5455471,Helmet
sir_5542019,Union Rags
sir_5215966,Dunaden
sir_4799018,Conduit
sir_4607638,Saddex
sir_3366048,Kalanisi
sir_5010166,Buck's Boum
sir_5172580,Joshua Tree
sir_3957527,Norse Dancer
sir_5647166,Dawn Approach
sir_4127473,Alqaahir
sir_5389447,Pour Moi
sir_5903800,Ectot
sir_5850733,Lucky Speed
sir_5897101,Snow Sky
sir_3659915,Nayef
sir_3384073,Robin Des Pres
sir_3153248,Cape Cross
sir_5206740,Arctic Cosmos
sir_4793005,Thewayyouare
sir_5492277,Saddler's Rock
sir_4933313,Dink
sir_5746923,Intello
sir_3897313,Arakan
sir_4953634,Sayif
sir_6020651,Manatee
sir_4476528,Aussie Rules
sir_4472293,Arcadio
sir_4840283,Watar
sir_6276900,Doha Dream
sir_6199858,Hawkbill
sir_5335106,Farhh
sir_6028897,Clovis Du Berlais
sir_3779580,Golden Lariat
sir_5575990,Sun Central
sir_4490136,English Channel
sir_12241537,Circus Maximus
sir_5483345,Lethal Force
sir_5800319,Fountain Of Youth
sir_3747156,Orientor
sir_6093178,El Kabeir
sir_5726210,Music Master
sir_10669162,River Boyne
sir_5532317,Noble Mission
sir_5472908,Requinto
sir_13930980,Kessaar
sir_6065969,Johnny Barnes
sir_10265619,Michigan
sir_5532394,Wrote
sir_4245192,Proclamation
sir_4495729,Konig Turf
sir_4465013,Sir Percy
sir_723912,Royal Applause
sir_5745824,Martinborough
sir_5245191,Excelebration
sir_4124274,Sintarajan
sir_3270568,Trans Island
sir_5163970,Indomito
sir_4598440,Creachadoir
sir_5409138,Gatewood
sir_4486762,Racinger
sir_4519235,Lord Of England
sir_7927619,Waldgeist
sir_4995844,Fuisse
sir_5895316,Galiway
sir_10272927,Gustav Klimt
sir_633759,Poliglote
sir_3223696,Fragrant Mix
sir_5957532,Highland Reel
sir_5899537,Charm Spirit
sir_18518619,Golden Horde
sir_6125385,Mekhtaal
sir_5819310,Coulsty
sir_11091493,Eqtidaar
sir_4957421,Vocalised
sir_4175850,Fastnet Rock
sir_5093571,Quality Road
sir_5425399,Swiss Spirit
sir_5753181,Morpheus
sir_3527125,Dansili
sir_16106181,King Of Change
sir_6233822,Ajaya
sir_5342575,Twirling Candy
sir_6208167,Gutaifan
sir_4869837,Rip Van Winkle
sir_4344697,Dragon Dancer
sir_3760694,Asian Heights
sir_4595990,Vendangeur
sir_5171712,Society Rock
sir_5534235,El Salvador
sir_5897514,Master's Spirit
sir_5931107,Free Port Lux
sir_5771003,Vif Monsieur
sir_5397294,Hunter's Light
sir_5538568,Creative Cause
sir_12217870,Without Parole
sir_18092508,Arizona
sir_10051440,Romanised
sir_5177396,Temple City
sir_3930213,Sunday Break
sir_4079796,Voix Du Nord
sir_4009047,Gold Well
sir_6268388,Attendu
sir_3940377,Monsieur Bond
sir_15245916,Sottsass
sir_4832611,Dunkerque
sir_3133732,Compton Place
sir_4618404,Dutch Art
sir_7322763,Tornibush
sir_5422165,Slade Power
sir_5725916,Anodin
sir_12329569,City Of Light
sir_6015954,Mattmu
sir_5892096,Hot Streak
sir_4749276,Mr Medici
sir_753900,Pivotal
sir_9942352,Seahenge
sir_4501959,First Samurai
sir_5968361,Markaz
sir_6200985,Counterattack
sir_6277544,Nyquist
sir_6076147,American Pharoah
sir_4846485,Equiano
sir_5968298,Estidhkaar
sir_727524,Tagula
sir_4544750,War Front
sir_4619986,Haatef
sir_5248348,Zebedee
sir_10320268,James Garfield
sir_6220914,Shalaa
sir_3981138,Fairly Ransom
sir_5108635,Red Jazz
sir_3952928,Clodovil
sir_5197052,Nom De D'La
sir_5829649,Sidestep
sir_4822237,Crossharbour
sir_5490415,French Fifteen
sir_3548622,Millenary
sir_4030824,My Risk
sir_5956328,Dariyan
sir_13202917,Goliath Du Berlais
sir_3502282,Beat All
sir_6234816,Cloth Of Stars
sir_3410925,Bienamado
sir_5141556,Rajsaman
sir_3779741,Le Fou
sir_11245626,Seabhac
sir_3631110,More Than Ready
sir_6000799,Goken
sir_6212724,Birchwood
sir_8483132,Le Brivido
sir_4759531,Captain Gerrard
sir_5452111,Burwaaz
sir_5818484,War Command
sir_5796266,Master Carpenter
sir_5006204,Munnings
sir_5126478,Canford Cliffs
sir_4928105,Blek
sir_7175203,Capri
sir_4589844,Rail Link
sir_3659369,Curtain Time
sir_6104420,Petillo
sir_5925304,Cannock Chase
sir_11429670,Flag Of Honour
sir_4855088,Into Mischief
sir_5783848,Karakontie
sir_5600931,Hillstar
sir_4804128,High Rock
sir_4850699,Cima De Triomphe
sir_3888920,Fair Mix
sir_9648492,Tunis
sir_3843581,Bollin Eric
sir_5850271,Bande
sir_5384960,Gemix
sir_7603442,Practical Joke
sir_4985372,Delegator
sir_5493852,Harbour Watch
sir_4009068,Haafhd
sir_5050801,Native Ruler
sir_6134142,Disco Partner
sir_13988366,Legends Of War
sir_6259309,Marcel
sir_5636379,Pedro The Great
sir_3748654,Anabaa Blue
sir_6265854,Idaho
sir_3635513,Kutub
sir_3958990,Big Bad Bob
sir_3779559,Gamut
sir_5003733,Recharge
sir_3501729,Kingsalsa
sir_4831939,Gio Ponti
sir_8630146,Mastery
sir_5633796,Lucayan
sir_5957245,Magneticjim
sir_3861886,Jelani
sir_6044185,My Dream Boat
sir_5305055,Scalo
sir_5834787,Mondialiste
sir_5856886,Flintshire
sir_5287968,Silver Pond
sir_5601218,Toronado
sir_4598426,Barastraight
sir_4997909,Urban Poet
sir_3584833,Silvano
sir_4664667,Eastern Anthem
sir_10092838,Yafta
sir_4214315,Shamardal
sir_4648868,Mores Wells
sir_5490562,Red Dubawi
sir_6026909,Ivawood
sir_3894415,Alkaased
sir_3548237,Dapper
sir_4072320,Rule Of Law
sir_4222589,Fracas
sir_5561437,Pastorius
sir_5532338,Shantaram
sir_4817260,Full Of Gold
sir_5934992,Forever Now
sir_5552386,Tai Chi
sir_4905250,Vision D'Etat
sir_5863004,Fly With Me
sir_7129689,Whitecliffsofdover
sir_4387173,Assertive
sir_6217232,Noble Bird
sir_5197836,So You Think
sir_3298582,Blueprint
sir_6803671,Harbour Law
sir_4623647,Archipenko
sir_5064906,Vita Venturi
sir_4783275,Estejo
sir_6076728,Karaktar
sir_19527683,Tiz The Law
sir_5594365,Lord Kanaloa
sir_5351703,French Navy
sir_5648727,Epaulette
sir_776510,Dr Massini
sir_3727269,Vinnie Roe
sir_4692114,Frozen Fire
sir_5179104,Planteur
sir_4506089,Hurricane Cat
sir_4452693,Deep Impact
sir_5992434,Bayern
sir_7108171,Prince Of Lir
sir_5856053,Bow Creek
sir_4494112,Carlotamix
sir_3591329,Giant's Causeway
sir_4485327,September Storm
sir_3841789,Denham Red
sir_6343778,Crystal Ocean
sir_4700157,Hard Spun
sir_4124288,Sleeping Indian
sir_5112191,Skins Game
sir_552440,Smadoun
sir_4974025,Polarix
sir_3305358,Tertullian
sir_6127597,Poet's Word
sir_4746672,Davidoff
sir_4932725,Cardinal
sir_5602394,Ruler Of The World
sir_3962056,Elusive City
sir_6125175,Recorder
sir_6035659,Smooth Daddy
sir_4577188,Irish Wells
sir_5307008,Libranno
sir_4080405,Mustameet
sir_4205425,Fight Club
sir_18529882,Threat
sir_20979189,Kitkou
sir_4677001,Gris De Gris
sir_4077878,Alkaadhem
sir_3580248,Crillon
sir_4246690,Tirwanako
sir_5017348,Timos
sir_5677651,Olympic Glory
sir_4058915,Kheleyf
sir_6980897,Non Rien De Rien
sir_5895386,Altruistic
sir_5607987,Top Trip
sir_5799815,Finsceal Fior
sir_4509183,Boris De Deauville
sir_3849349,Where Or When
sir_5783946,Mustajeeb
sir_4607631,Prince Flori
sir_685027,Double Eclipse
sir_5128872,Aizavoski
sir_4270791,Mountain High
sir_5483324,Es Que Love
sir_5266135,Makfi
sir_3133088,Flying Legend
sir_3896522,Solskjaer
sir_7096999,Dschingis Secret
sir_5605250,Declaration Of War
sir_6057121,Elm Park
sir_4651955,Street Sense
sir_4260312,Nidor
sir_5460231,Foxwedge
sir_6234522,Guignol
sir_5601274,Magician
sir_4624088,Honolulu
sir_5532821,Amaron
sir_4123721,Day Flight
sir_3859268,Noroit
sir_7876211,Always Dreaming
sir_8111516,Al Wukair
sir_4348456,Primary
sir_5408942,Aiken
sir_12923176,Justify
sir_6913998,Peace Envoy
sir_3628212,Grand Finale
sir_5576417,Phenomena
sir_5126548,Frozen Power
sir_6014778,Dylan Mouth
sir_4605440,Cockney Rebel
sir_4507160,Darsi
sir_5765893,Voiladenuo
sir_4757515,Axxos
sir_4620973,Willywell
sir_4609528,Lauro
sir_5910856,Prince Gibraltar
sir_4840290,Spider Flight
sir_5238478,Recital
sir_2934036,Kirkwall
sir_6059060,Success Days
sir_546966,Protektor
sir_6318025,Desinvolte
sir_4224136,Rocamadour
sir_4206895,Malibu Moon
sir_4063976,Martillo
sir_3851603,Mr Dinos
sir_4181198,Cacique
sir_5467070,Fulbright
sir_4488778,Atlantic Waves
sir_5602807,Retirement Plan
sir_3333918,Dream Well
sir_3336389,Distorted Humor
sir_5858384,Supplicant
sir_5783883,Mahsoob
sir_4450614,Nicaron
sir_5638913,Gale Force Ten
sir_15355508,Omaha Beach
sir_4123938,Iktibas
sir_3775478,And Beyond
sir_4105640,Kotky Bleu
sir_3930262,Medaglia d'Oro
sir_5022934,Pioneerof The Nile
sir_5785311,Mizzou
sir_5699799,Mazameer
sir_4217493,Librettist
sir_6281849,Bucchero
sir_5770891,Protectionist
sir_3677058,Pierre
sir_5528215,Most Improved
sir_4871279,Masterofthehorse
sir_3295698,Rainbow High
sir_6311501,Isfahan
sir_4799585,Paco Boy
sir_6757982,Zelzal
sir_4586785,Financial Reward
sir_4509400,Stormy River
sir_4739469,Le Cadre Noir
sir_3662813,Olden Times
sir_4204263,Speightstown
sir_3956701,Indian Haven
sir_3207225,Central Park
sir_10350718,Mendelssohn
sir_5900692,Hurricane Red
sir_4782393,Gladiatorus
sir_7799582,Connect
sir_6009374,Hallowed Crown
sir_4943932,Intense Focus
sir_5206166,Bullet Train
sir_590611,Perugino
sir_6218716,Spill The Beans
sir_5535369,Very Nice Name
sir_4265415,The Carbon Unit
sir_4094377,Azamour
sir_4668839,Westlake
sir_4638529,Slickly Royal
sir_4627504,Spirit One
sir_3263337,Elusive Quality
sir_8867264,Centaurian
sir_4889178,Street Boss
sir_4502596,Salutino
sir_4085123,American Post
sir_6072605,Ito
sir_6135024,Palamoss
sir_5753146,Goldencents
sir_4595045,Lovelace
sir_6028554,Guiliani
sir_6071352,Scissor Kick
sir_3702986,Kallisto
sir_6125980,Ultra
sir_5472894,Parish Hall
sir_5431510,Dialed In
sir_3150539,Zamindar
sir_10504095,Barraquero
sir_5181610,Agent Secret
sir_4780916,Rio De La Plata
sir_4079782,Diamond Green
sir_740341,Grape Tree Road
sir_5475813,Lilbourne Lad
sir_3953992,Deportivo
sir_3763116,Denon
sir_5502973,Arrigo
sir_3301837,Fruits Of Love
sir_5287548,Worthadd
sir_5357702,Robin Du Nord
sir_5198676,Blame
sir_10246187,Hey Gaman
sir_4853737,Steele Tango
sir_3503556,Areion
sir_3585372,Bach
sir_14822794,Catalina Cruiser
sir_5150754,Dick Turpin
sir_4505578,Red Rocks
sir_4974011,On Est Bien
sir_7263403,Brametot
sir_6343750,Call To Mind
sir_5601358,Victory Song
sir_15537151,War Of Will
sir_15912477,Roman Candle
sir_7705152,Gunnevera
sir_4804170,Indian Daffodil
sir_6018775,Code Red
sir_4603018,Bernardini
sir_6279371,Iquitos
sir_4104331,Elvstroem
sir_17774519,Global Campaign
sir_6247780,Donjuan Triumphant
sir_18160114,Maximum Security
sir_8865465,Elarqam
sir_3522050,Lemon Drop Kid
sir_5135942,Arcano
sir_763784,Daylami
sir_5214524,Get Stormy
sir_8525545,Recoletos
sir_3499902,Orpen
sir_4161850,Barely A Moment
sir_3851638,Mamool
sir_3208429,Sagamix
sir_4796617,Aqlaam
sir_4165063,Tapit
sir_10222436,Beckford
sir_6060271,Chemical Charge
sir_6398616,Divine Prophet
sir_4002782,Vespone
sir_6304445,Mor Spirit
sir_19769379,Honor A. P.
sir_7121275,Taj Mahal
sir_4009166,Let The Lion Roar
sir_5605446,Summer Front
sir_4183823,Heart's Cry
sir_3920336,Choisir
sir_3548930,Sakhee
sir_4908645,Finjaan
sir_6204527,Air Force Blue
sir_4938073,Sri Putra
sir_4075512,Tiberius Caesar
sir_6077834,Luck Of The Kitten
sir_3723811,Panis
sir_3503136,Laveron
sir_5671519,Tamarkuz
sir_6093003,Carpe Diem
sir_8068914,Accelerate
sir_5758557,Palace Malice
sir_5163571,Vale Of York
sir_15854629,Complexity
sir_591024,King's Theatre
sir_12641769,Wusool
sir_4954985,Silver Frost
sir_7323316,Classic Empire
sir_11274949,Bolt D'Oro
sir_5306966,Approve
sir_5901679,Eagle Top
sir_3697442,Medicean
sir_4797779,Americain
sir_3848530,Della Francesca
sir_4863383,Mawatheeq
sir_6279315,Qurbaan
sir_10170335,Fighting Irish
sir_5380179,Uncle Mo
sir_5622428,Gimmethegreenlight
sir_11646712,Yorkton
sir_5352592,Danadana
sir_3257660,Ungaro
sir_4078998,Whipper
sir_8010352,Not This Time
sir_6327363,Flying Artie
sir_4044460,Forestier
sir_6205920,Duramente
sir_5145945,Xtension
sir_6164935,Divisidero
sir_6045081,De Treville
sir_5767636,Violence
sir_4551799,Arabian Gleam
sir_4928553,Lord Shanakill
sir_764127,Intikhab
sir_11646761,Mr Boycie Quest
sir_3548440,Subtle Power
sir_6046719,Strath Burn
sir_5821935,Better Than Ready
sir_3723636,Anzillero
sir_9629494,Cloud Computing
sir_10018386,West Coast
sir_5007611,Midshipman
sir_6339158,Collected
sir_4109077,Flatter
sir_6071373,Shooting To Win
sir_3028928,Royal Anthem
sir_4083499,Muhaymin
sir_11134207,Tonkin
sir_505316,Apple Tree
sir_7799575,Arrogate
sir_11245640,Catholic Boy
sir_5012609,Gone Astray
sir_4731167,Dream Eater
sir_677803,Definite Article
sir_3970715,Whitmore's Conn
sir_6029058,Jungle Cat
sir_4234062,Early March
sir_3544135,Indian River
sir_6300854,Jimmy Two Times
sir_4031286,Touch Of Land
sir_8608082,Shakeel
sir_699923,Pasternak
sir_3565226,Redoute's Choice
sir_5052313,Alianthus
sir_3417666,Tiger Hill
sir_3154718,Supreme Sound
sir_4756437,Henrythenavigator
sir_4440002,Magadino
sir_4880757,Monitor Closely
sir_397411,Witness Box
sir_34859958,Wounderwall
sir_447930,Michel Georges
sir_4658528,Spring At Last
sir_5771969,Mshawish
sir_3512425,Slickly
sir_627592,Tikkanen
sir_4220216,Windsor Knot
sir_3310986,Gold Away
sir_4608254,Fine Grain
sir_727853,Atraf
sir_617176,Germany
sir_3140382,Waky Nao
sir_5443767,The Factor
sir_6158250,Mr Owen
