trainer_id,trainer
trn_118584,Nicky Richards
trn_169875,Philip Kirby
trn_230715,Ian Duncan
trn_57159,George Bewley
trn_40239,Sandy Thomson
trn_36783,Maurice Barnes
trn_333207,Paul Robson
trn_13275,W P Mullins
trn_11241,Henry De Bromhead
trn_146430,Dan Skelton
trn_2754,Nigel Twiston-Davies
trn_362196,Noel George & Amanda Zetterholm
trn_87714,Venetia Williams
trn_118044,Emma Lavelle
trn_125352,Alan King
trn_45180,Micky Hammond
trn_288135,Gary Rutherford
trn_82629,Stuart Coltherd
trn_263628,Andrew Hamilton
trn_110826,Sandy Forster
trn_62910,Lucinda Russell
trn_76545,Andrew Crook
trn_87228,Barry Murtagh
trn_2799,Nicky Henderson
trn_86823,Paul Nolan
trn_360648,James Owen
trn_160524,Gavin Cromwell
trn_146493,Philip Fenton
trn_39654,Thomas Cooper
trn_163305,Gordon Elliott
trn_187326,Jamie Snowden
trn_91413,David Pipe
trn_117027,Henry Daly
trn_307287,Padraig Roche
trn_362835,Philip Hobbs & Johnson White
trn_51903,Paul Nicholls
trn_290349,L J Morgan
trn_88209,Lucy Wadham
trn_167940,Charlie Longsdon
trn_376398,Joel Parkinson & Sue Smith
trn_25416,James Walton
trn_355014,Catch Bissett
trn_238338,Jackie Stephen
trn_96192,Chris Grant
trn_87237,Martin Todhunter
trn_148131,David Kenneth Budds
trn_289305,Joseph Patrick O'Brien
trn_355275,Joe Tizzard
trn_51444,Terence O'Brien
trn_256320,Ben Pauling
trn_372456,Jonjo & A J O'Neill
trn_132759,John C McConnell
trn_141066,Donald McCain
trn_339516,Danny Brooke
trn_257247,Noel Williams
trn_121059,Evan Williams
trn_371358,Daisy Hitchins
trn_95202,E Sheehy
trn_378207,Kim Bailey & Mat Nicholls
trn_281817,Katy Price
trn_170127,Jane Walton
trn_128637,Patrick Morris
trn_346887,Michael & David Easterby
trn_136413,Alison Hamilton
trn_143532,Paul Midgley
trn_358677,Lizzie Quinlan
trn_312453,Stella Barclay
trn_332928,Joseph Parr
trn_87426,Tony Carroll
trn_112185,Ian Williams
trn_193644,Iain Jardine
trn_117,Mark Usher
trn_54981,Gary Hanmer
trn_330147,Simon Pearce
trn_138861,Mark Loughnane
trn_116136,Phil McEntee
trn_205551,David O'Meara
trn_51552,Linda Perratt
trn_285003,Sam England
trn_201303,Ben Haslam
trn_39879,Brian Ellison
trn_277803,Ivan Furtado
trn_74286,James Evans
trn_37152,John O'Shea
trn_234891,Scott Dixon
trn_288,Roy Bowring
trn_257130,Kevin Frost
trn_3357,Bryan Smart
trn_340317,Jessica Macey
trn_374697,Thomas Faulkner
trn_113400,Brett Johnson
trn_125595,Jamie Osborne
trn_363375,Sean Davis
trn_139041,Peter Niven
trn_232713,Keiran Burke
trn_370053,Tony Coyle & Kaine Wood
trn_54405,Donald Whillans
trn_2781,John Mackie
trn_136422,Grant Tuer
trn_322119,Phillip Makin
trn_40860,James Fanshawe
trn_193941,Heather Main
trn_139968,Jennie Candlish
trn_344736,Harry Eustace
trn_315,J R Jenkins
trn_202725,Kevin Ryan
trn_72090,Richard Fahey
trn_290484,Archie Watson
trn_7785,Nigel Tinkler
trn_178524,Ollie Pears
trn_307305,Seb Spencer
trn_291465,Roger Fell
trn_201609,Tristan Davidson
trn_45171,K R Burke
trn_259884,Mark Walford
trn_361179,Charlie Johnston
trn_343530,Alice Haynes
trn_235593,John Butler
trn_184059,Neil Mulholland
trn_285282,David Loughnane
trn_369216,Harry Charlton
trn_264699,David Menuisier
trn_132597,David Thompson
trn_190674,Simon West
trn_348363,Matt Crawley
trn_256599,Rebecca Menzies
trn_348426,Ewan Whillans
trn_40950,Rod Millman
trn_147654,Michael Attwater
trn_226845,Grace Harris
trn_254385,Robert Stephens
trn_372564,Gary & Josh Moore
trn_244530,Harry Fry
trn_80190,C Byrnes
trn_224838,Jane Williams
trn_36486,Mike Sowersby
trn_330048,James Ferguson
trn_108513,Robert Cowell
trn_278469,Antony Brittain
trn_342657,Edward Bethell
trn_343899,Darryll Holland
trn_355860,Cian Collins
trn_129015,Jedd O'Keeffe
trn_278739,Emmet Mullins
trn_74304,John Patrick Ryan
trn_125874,Fergal O'Brien
trn_365184,David Killahena & Graeme McPherson
trn_264870,Tom Weston
trn_39735,Henrietta C Knight
trn_338715,Barry Connell
trn_339804,Charles & Adam Pogson
trn_221364,Caroline Fryer
trn_51606,Richard Rowe
trn_241182,Ryan Potter
trn_159660,Tim Vaughan
trn_142542,T Ellis
trn_28512,Patrick Griffin
trn_140778,Martin Keighley
trn_35019,M F Morris
trn_282942,Sam Thomas
trn_231435,Tom Symonds
trn_354006,Billy Aprahamian
trn_125883,Alex Hales
trn_288261,Laura Horsfall
trn_251181,Mrs Lorna Fowler
trn_131589,William Durkan
trn_180468,Polly Gundry
trn_355509,Harriet Dickin
trn_4266,Pam Sly
trn_84960,John Berry
trn_179694,Patrick Neville
trn_265500,Jake Thomas Coulson
trn_372555,Peter & Michael Bowen
trn_249147,Henry Oliver
trn_123363,William de Best-Turner
trn_310608,Robbie Llewellyn
trn_92313,Nigel Hawke
trn_263574,Joe Tickle
trn_373257,Steph Cameron
trn_98010,Mark Gillard
trn_153963,Cynthia Woods
trn_255708,David Dennis
trn_377847,Michael Keady
trn_46089,J S Moore
trn_34614,David Evans
trn_302193,John Andrew Kinsella
trn_93267,Michael Appleby
trn_82530,Lisa Williamson
trn_363114,Ollie Sangster
trn_374220,Paul Attwater
trn_52767,Clive Cox
trn_369855,John & Sean Quinn
trn_180405,Ruth Carr
trn_375822,Stephanie Cassidy
trn_345654,Joe Ponting
trn_271890,Sarah Hollinshead
trn_45711,Michael Dods
trn_199350,Michael Herrington
trn_52533,Derek Shaw
trn_294885,Tom Clover
trn_4653,Conrad Allen
trn_61605,Adrian Wintle
trn_240849,Simon Hodgson
trn_354924,P Charalambous & J Clutterbuck
trn_63009,Michael Mullineaux
trn_354717,Dylan Cunha
trn_351099,Craig Lidster
trn_172044,Mike Murphy
trn_264834,Ben Lund
trn_126117,Michael Wigham
trn_126459,Michael Blake
trn_48636,Tony Forbes
trn_70155,Jim Goldie
trn_252576,Sara Ender
trn_62676,Gay Kelleway
trn_354429,Gemma Tutty
trn_172827,Roger Teal
trn_56736,Patrick Chamings
trn_702,Alan Brown
trn_353934,James Horton
trn_337851,T J Kent
trn_280692,Richard Hughes
trn_283149,George Scott
trn_145008,Ismail Mohammed
trn_182259,Rebecca Curtis
trn_301977,Olly Murphy
trn_198099,Warren Greatrex
trn_342864,Mel Rowley
trn_84249,Shaun Harris
trn_225468,Robert Eddery
trn_354483,David & Nicola Barron
trn_81027,Marco Botti
trn_249669,Tom Lacey
trn_363870,Damien Wingrove
trn_308259,Ruth Jefferson
trn_140535,N W Alexander
trn_355338,Oliver Greenall & Josh Guerriero
trn_161406,Tom Dascombe
trn_227025,Ross O'Sullivan
trn_338886,Andrew Kinirons
trn_355347,Jack Jones
trn_138159,Anthony Charlton
trn_360765,Harry Derham
trn_171756,Paul W Flynn
trn_362502,Conor David Maxwell
trn_329184,Tjade Collier
trn_298674,Christian Williams
trn_11763,Jeremy Scott
trn_247500,Alexandra Dunn
trn_243315,Hugh Burns
trn_11565,Mrs John Harrington
trn_117756,Paul John Gilligan
trn_69498,Gary Brown
trn_238266,Sheila Lewis
trn_130941,Ian McInnes
trn_345096,Simon Whitaker
trn_171504,Katie Scott
trn_110025,Julie Camacho
trn_321390,Liam Bailey
trn_81324,Ed Dunlop
trn_344619,John & Thady Gosden
trn_4374,John Wainwright
trn_126216,Shaun Lycett
trn_264843,Harriet Brown
trn_91188,Carroll Gray
trn_288027,Mrs Sara V Bradstock
trn_58545,Sheena West
trn_145872,Sarah Humphrey
trn_52785,J J O'Shea
trn_379359,Miss Olive Nicholls
trn_370242,Miss Amber Jackson-Fennell
trn_296325,W H Easterby
trn_362952,H Ryall
trn_96525,Mrs S Alner
trn_172512,Miss V Collins
trn_20205,Alan Hill
trn_97650,Helen Rees
trn_18630,Ryan Chapman
trn_131841,Emma-Jane Bishop
trn_64233,Seamus Mullins
trn_316107,Danni O'Neill
trn_203886,Nicky Martin
trn_329220,Oliver Signy
trn_342837,Clive Boultbee-Brooks
trn_55557,Sue Gardner
trn_204111,D Summersby
trn_59679,Rob Summers
trn_5841,Kevin Bishop
trn_342684,Andy Irvine
trn_126324,Alison Thorpe
trn_178533,Chris Gordon
trn_53622,Diana Grissell
trn_279351,Kerry Lee
trn_59067,Ben Clarke
trn_362844,Karen Jewell
trn_124992,Ben Case
trn_1872,James Bennett
trn_320652,Robert Bevis
trn_226908,Richenda Ford
trn_121050,Andrew J Martin
trn_69777,Rosemary Gasson
trn_271593,Stuart Edmunds
trn_180045,George Baker
trn_6651,Bill Turner
trn_260100,Kayley Woollacott
trn_131103,Stuart Kittow
trn_319932,Max Comley
trn_23814,Chris Down
trn_126054,Nick Gifford
trn_358560,Jim & Suzi Best
trn_78147,Dominic Ffrench Davis
trn_312111,Max Young
trn_236331,Alastair Ralph
trn_220851,Harry Whittington
trn_310320,Callum Bickers-Price
trn_66735,Will Ramsay
trn_322578,Miss Lucy Brown
trn_249192,Paul Collins
trn_92169,R Mike Smith
trn_245610,Sarah-Jayne Davies
trn_7389,Ann Hamilton
trn_91368,Tim Easterby
trn_96102,Dianne Sayer
trn_294597,Samuel Drinkwater
trn_131229,Georgina Nicholls
trn_5859,John Dixon
trn_86490,Matt Sheppard
trn_149364,S R B Crawford
trn_70668,Barry Brennan
trn_360486,B F Brookhouse
trn_294921,Mark Pattinson
trn_271602,Charlie Wallis
trn_245538,Daniel Steele
trn_254043,Andi Brown
trn_338733,Daniel & Claire Kubler
trn_372330,Craig Benton
trn_226116,Patrick Owens
trn_379206,Lemos De Souza
trn_259083,Richard Hannon
trn_191619,Clare Hobson
trn_368055,Brian Toomey
trn_233226,James Tate
trn_286011,Owen Burrows
trn_76887,Stuart Williams
trn_135972,Jim Boyle
trn_121302,Denis Coakley
trn_7830,Simon Dow
trn_145287,David Simcock
trn_337302,Simon & Ed Crisford
trn_365301,Martin Dunne
trn_109125,Marcus Tregoning
trn_96336,Hughie Morrison
trn_7497,Paddy Butler
trn_378234,Julia & Shelley Birkett
trn_192114,Ms Claire O'Connell
trn_79803,Nick Littmoden
trn_368685,Dr Richard Newland & Jamie Insole
trn_65124,Neil King
trn_57393,Phillip Dando
trn_309285,Daragh Bourke
trn_159876,Noel C Kelly
trn_96741,Mark Rimell
trn_45954,Bernard Llewellyn
trn_193824,Hannah James
trn_173538,Thomas Gibney
trn_125253,Ralph Beckett
trn_225081,Hugo Palmer
trn_325899,George Boughey
trn_167751,Anthony Honeyball
trn_318591,Gary McGill
trn_224010,Roger Varian
trn_58770,Claire Dyson
trn_97254,Susan Corbett
trn_246573,William Young Jnr
trn_113409,Jonathan Portman
trn_253620,J P Murtagh
trn_337338,Paul & Oliver Cole
trn_1422,Nikki Evans
trn_323622,D J Jeffreys
trn_140094,Suzy Smith
trn_119187,David Bridgwater
trn_267615,Harriet Bethell
trn_4752,Geoff Oldroyd
trn_140445,Andrew Balding
trn_292005,Patrick J McKenna
trn_341856,Adam Nicol
trn_131157,John Norton
trn_310419,Jessica Bedi
trn_149346,James Ewart
trn_379638,Miss Nikki Henton
trn_355239,Miss B Coward
trn_198873,Tom Gretton
trn_59724,Linda Blackford
trn_57024,Helen Nelmes
trn_378090,Eloise Quayle
trn_57141,Deborah Cole
trn_139320,Jean McGregor
trn_145125,Nick Kent
trn_183276,Michael Hawker
trn_271611,Chris Honour
trn_279945,Olly Williams
trn_123228,Denis Quinn
trn_138465,Colin Teague
trn_295470,Ella Pickard
trn_245088,Robert Walford
trn_132237,Fiona Shaw
trn_140697,Jo Davis
trn_253314,Richard J Bandey
trn_90270,Richard Hawker
trn_95967,Amanda Perrett
trn_56034,Lawney Hill
trn_72324,Tom George
trn_341541,Kevin Philippart De Foy
trn_3915,Michael Madgwick
trn_260217,Charlie Fellowes
trn_376524,Jack Morland
trn_275985,Richard Spencer
trn_143226,Pat Phelan
trn_230652,Charles Hills
trn_377352,Charlie Clover
trn_603,Sir Mark Prescott Bt
trn_327069,Tom Ward
trn_370026,Fred Timmis
trn_145818,Norman Sanderson
trn_233667,Peter Crate
trn_234549,Anthony Carson
trn_326448,Chelsea Banham
trn_261234,Sam Allwood
trn_37017,Michael Bell
trn_30735,William Haggas
trn_109890,Henry Hogarth
trn_144774,Laura Mongan
trn_328113,Paula Smith
trn_361449,Jack Channon
trn_108918,Luke Dace
trn_88164,George Margarson
trn_361539,Fionn McSharry
trn_265617,Adrian Paul Keatley
trn_193950,D Donovan
trn_71712,Philip McBride
trn_161694,William Knight
trn_63747,S Woods
trn_252288,Gillian Boanas
trn_215334,Ed Walker
trn_160758,John Ryan
trn_345150,William Muir & Chris Grassick
trn_29673,Declan Carroll
trn_65700,Ed de Giles
trn_70857,Richard Phillips
trn_329130,Toby Lawes
trn_2412,Richard Price
trn_249318,J L Brotherton
trn_379017,Mrs G Andrews
trn_203031,Philip Rowley
trn_60957,Peter Winks
trn_78030,Richard Armson
trn_18666,Julian Smith
trn_180063,Miss Tara Lee Cogan
trn_240543,M D O'Callaghan
trn_6498,Toby Bulgin
trn_95670,David Brace
trn_106353,Richard Hobson
trn_101601,Pauline Robson
trn_65637,A J Martin
trn_144468,Peter Atkinson
trn_176058,Liam Kenny
trn_75870,Anthony Day
trn_370863,John & Rhys Flint
trn_142290,Simon Waugh
trn_130482,Christine Dunnett
trn_255042,Charlie Appleby
trn_258858,Steph Hollinshead
trn_110853,David Rees
trn_221319,Richard Mitford-Slade
trn_160659,Jane Chapple-Hyam
trn_92772,John Gallagher
trn_70371,Lydia Richards
trn_135963,Dean Ivory
trn_129618,Mark Hoad
trn_146763,William Stone
trn_2025,Fred Watson
trn_184104,Belinda Clarke
trn_302742,Adrian Nicholls
trn_125901,Tim Dennis
trn_339498,Louise G Lyons
trn_250758,Claire Hitch
trn_51264,Brian Rothwell
trn_247680,Neil Mechie
trn_160227,Tracy Waggott
trn_144783,Kevin Hunter
trn_170280,Eve Johnson Houghton
trn_284715,Justin Landy
trn_91098,Joanne Foster
trn_226440,Kelly Morgan
trn_145998,David Kemp
trn_275976,R C Pudd
trn_273024,D Peters
trn_136341,F A Hutsby
trn_312516,Phillippa Taylor
trn_370962,Edward Smyth-Osbourne
trn_64512,Pat Murphy
trn_236466,Leonard Kerr
trn_377856,Dominic Elsworth
trn_372105,Stephen Allen
trn_142380,Murty McGrath
trn_278505,Miss Natalia Lupini
trn_363735,Rachel Cook & John Bridger
trn_349425,Raphael E Freire
trn_54261,Tina Jackson
trn_312012,Kevin Thomas Coleman
trn_171270,Adrian Murray
trn_366723,Daniel James Murphy
trn_62019,P A Fahy
trn_64989,Brian Meehan
trn_367731,Kevin Pickard
trn_288549,Thomas Gallagher
trn_342693,Ciaran Murphy
trn_240561,Georgie Howell
trn_369477,Lucinda Hughes
trn_32481,Rae Guest
trn_201501,Miss S McQueen
trn_379368,Miss S Brooke
trn_171441,Martin Sweetland
trn_285534,Russell Ross
trn_361953,Jonathan Barlow
trn_287118,Jacqueline Coward
trn_140427,James Moffatt
trn_323226,Camilla Poulton
trn_224640,Victor Thompson
trn_295533,Miss Katy Brown
trn_343278,Edward William Walker
trn_345609,M Osborne
trn_196911,Denis Gerard Hogan
trn_74457,Ray Craggs
trn_103356,Geoffrey Harker
trn_379377,Mrs S L Loughnane
trn_39294,John Whyte
trn_279612,Clare Ellam
trn_73827,Louise Allan
trn_372357,L Morgan
trn_369576,R Pallas
trn_344646,Miss Laura Richardson
trn_142353,Mrs J Owen
trn_343080,Will Biddick
trn_332406,Mrs Louise Bevin
trn_345303,Fiona Needham
trn_7110,Robert Waley-Cohen
trn_369657,Douglas White
trn_113769,S McParlan
trn_348300,Gerald Stephen Quinn
trn_290079,Phil York
trn_49266,Don Cantillon
trn_135981,Tracey Barfoot-Saunt
trn_53928,C O'Keeffe
trn_378423,Gordon Treacy
trn_99117,Lawrence Mullaney
trn_227349,Jason Ward
trn_234918,Karl Thornton
trn_64215,Giuseppe Fierro
trn_290925,Amy Murphy
trn_275067,Joanne Thomason-Murphy
trn_379098,Miss P Wynne
trn_153000,Miss H Brookshaw
trn_342873,S Loxton
trn_260145,Mickey Bowen
trn_134820,Andrew Wilson
trn_314406,Helen Cuthbert
trn_312093,Daniel Bourne
trn_130932,Alan Jones
trn_378558,Mrs Jody Anne Lancaster
trn_354375,A C Wilson
trn_110745,Tim Reed
trn_57807,J Heard
trn_379008,J Shaw
trn_378927,T G Scudamore
trn_165888,Anthony Ward-Thomas
trn_323064,Alexander Gibbons
trn_130986,Sylvester Kirk
trn_265959,John David Riches
trn_290115,Adam West
trn_189837,J A Nash
trn_347436,Tom McGuinness
trn_181404,Miss M Filby
trn_378666,Mrs S Loughnane
trn_361980,David Bingham
trn_136665,Jimmy Frost
trn_263088,David Weston
trn_286065,Hilal Kobeissi
trn_47997,Peter Chapple-Hyam
trn_351711,John S O'Donoghue
trn_13248,Dr Jon Scargill
trn_243405,Mrs Ilka Gansera-Leveque
trn_369558,Miss Hannah Roach
trn_249822,Tommy Morgan
trn_309942,Miss A Lewis
trn_89847,Mrs N Sheppard
trn_268344,Anthony McCann
trn_4491,Tom Tate
trn_140553,Sir Mark Todd
trn_134757,Lisa Harrison
trn_3069,Michael Chapman
trn_344160,Ian Patrick Donoghue
trn_6255,Kim Bailey
trn_86607,Simon Earle
trn_130788,Julia Feilden
trn_227385,Christopher Mason
trn_39519,M Rolland
trn_58077,Debra Hamer
trn_3024,Henry Candy
trn_30699,James Joseph Mangan
trn_303255,D Cottin
trn_288072,Tracey Leeson
trn_240876,David Harry Kelly
trn_101997,A Chaille-Chaille
trn_45585,Brian Eckley
trn_237942,Ali Stronge
trn_15669,R K Watson
trn_90063,Noel Wilson
trn_134379,Ronald Harris
trn_48348,Ann Duffield
trn_355041,Jamie Albert Sloan
trn_353709,Jess McKie
trn_114408,Denis Paul Murphy
trn_358065,Guillaume Fabre
trn_8100,Jimmy Fox
trn_226197,Suzzanne France
trn_227727,Dave Roberts
trn_98127,Sarah Robinson
trn_346563,Eddie & Patrick Harty
trn_147078,J P Dempsey
trn_235116,Eoin Christopher McCarthy
trn_5454,Wilf Storey
trn_343188,Hannah McMahon
trn_80010,Jackie Du Plessis
trn_362079,Miss A M Slack
trn_40752,Martyn Meade
trn_264330,Gabriel Leenders
trn_72864,Eoin Griffin
trn_45567,Chris Dwyer
trn_118134,Christopher Kellett
trn_90684,John J Nallen
trn_169605,John Joseph Hanlon
trn_246555,Matthew J Smith
trn_238923,P Twomey
trn_206631,Peter Fahey
trn_142803,William P Murphy
trn_29808,Peter McCreery
trn_146871,Thomas Mullins
trn_131175,M A Molloy
trn_25542,Gordon Edwards
trn_325656,Paul Traynor
trn_291708,Mme J Soudan
trn_77103,G M Lyons
trn_122130,P J Rothwell
trn_297531,J A Stack
trn_120897,D M Christie
trn_302778,Jack W Davison
trn_375714,Joseph G Davies
trn_5571,Sir Michael Stoute
trn_5229,Peter Pritchard
trn_376083,Stephen Thorne
trn_85914,Saeed bin Suroor
trn_356094,Mike Murphy & Michael Keady
trn_6966,Ron Barr
trn_71802,A P O'Brien
trn_233892,Hamad Al Jehani
trn_43092,Sue Smith
trn_133551,Eoin Doyle
trn_52443,Malcolm Saunders
trn_148050,Mrs C O'Leary
trn_162666,John Davies
trn_128367,W T Farrell
trn_235062,F-H Graffard
trn_79866,J-P Gauvin
trn_214623,J Reynier
trn_332910,Mario Baratti
trn_41148,Joseph G Murphy
trn_297828,Andreas Suborics
trn_9090,D K Weld
trn_188487,Y Barberot
trn_137160,K J Condon
trn_78984,Tony Newcombe
trn_318699,Christopher Head
trn_40014,Noel Meade
trn_126792,Adrian McGuinness
trn_364671,Roger Fell & Sean Murray
trn_47889,Roger Ingram
trn_342531,Alex French
trn_217890,P Cottier
trn_96318,Gerard O'Leary
trn_133236,Michelle Bryant
trn_156582,Gary Harrison
trn_364365,Diego Dias
trn_95292,Andrew Slattery
trn_228987,Miss Amanda Mooney
trn_312930,Simon Edwards
trn_5652,John E Long
trn_358794,Micky Fenton
trn_155772,David Marnane
trn_266229,Henry Dwyer
trn_303498,Miroslav Nieslanik
trn_346410,Miss Kate McGivern
trn_41454,P F O'Donnell
trn_200223,Tomohito Ozeki
trn_371457,Daniel McLoughlin
trn_9837,A Fabre
trn_360873,Stephanie Ocsko-Moore
trn_368640,Marie Martin
trn_356589,Joe Conlon
trn_272934,M Al Attiya
trn_115623,Jarlath P Fahey
trn_303921,Rebecca Woodman
trn_72441,A De Mieulle
trn_353016,Harriet Graham & Gary Rutherford
trn_353889,Syd Hosie
trn_88227,Kieran P Cotter
trn_362421,M Halford & T Collins
trn_250092,P J F Murphy
trn_331254,Donnacha Aidan O'Brien
trn_237699,Lee Carter
trn_149670,John Stimpson
trn_177795,Sophie Leech
trn_191034,Michael Gates
trn_290250,Deborah Faulkner
trn_58932,Ralph J Smith
trn_27315,Daniel O'Brien
trn_286560,W Ross
trn_324234,Mick Price & Michael Kent Jnr
trn_345546,Mitchell Hunt
trn_350694,Thomas Dowling
trn_361782,H D McGuigan
trn_247644,Ms Sheila Lavery
trn_85122,John W Sadler
trn_123354,E J O'Neill
trn_183519,C Ferland
trn_337662,P & J Brandt
trn_86382,Gerard Keane
trn_81234,Wesley A Ward
trn_315009,Gavin Hernon
trn_91890,F Chappet
trn_337932,Alicja Karkosa
trn_331812,Jose Francisco D'Angelo
trn_130104,Eddie Kenneally
trn_72531,Maurizio Guarnieri
trn_183681,W McCreery
trn_49545,G T Hourigan
trn_353556,Francesca Poste
trn_182601,Miss Hannah Lewis
trn_345384,Bradley Gibbs
trn_371097,J Drinkwater
trn_373140,Christopher Mark Clarke
trn_306666,David O'Brien
trn_343989,Mrs C Crow
trn_362961,J Newman
trn_343377,Tom Britten
trn_75456,Mrs G Ellis
trn_131850,Miss L Gardner
trn_310770,C R Barber
trn_309366,R W Varnham
trn_27360,N W Padfield
trn_362682,Miss Dawn Ball
trn_239535,N R W Wright
trn_361953,Jonathan Robert Barlow
trn_9918,P Bary
trn_184050,Michael Scudamore
trn_289080,James Latham
trn_372366,Miss Becca Shepherd
trn_136305,S Wynne
trn_286326,Jack Teal
trn_371025,T W Fife
trn_364131,R Wilkinson
trn_263718,Gail Haywood
trn_298044,Mrs C Fry
trn_298476,Mrs D J Treneer
trn_285183,Dean Coleman
trn_99351,C A McBratney
trn_86481,Paul Webber
trn_369477,Mrs Lucinda Hughes
trn_354312,G Walkingshaw
trn_127512,Mrs K B Mactaggart
trn_371952,Mrs Jacqui Irvine Lang
trn_363438,Ross Wilson
trn_192105,Rose Dobbin
trn_81639,Victor Dartnall
trn_362691,Mrs Annabel England
trn_372870,Miss A Procter
trn_311787,N R P Williams
trn_233892,H Al Jehani
trn_358911,Kate Hazard
trn_146151,L Jefford
trn_372663,Miss Joanne Murphy
trn_372672,Mrs John Dawson
trn_372681,Tom Sowerby
trn_222399,Mrs K Lynn
trn_343332,Miss R Hayton
trn_26190,J M B Cookson
trn_141975,Ms Margaret Mullins
trn_165285,Sean Curran
trn_339084,Liam G O'Brien
trn_131796,M Kehoe
trn_372411,Mrs R Vanstone
trn_203373,Andrew Leyshon
trn_169839,Mrs Jonjo O'Neill
trn_372375,Miss Claire Sherriff
trn_363609,Miss H M Stevens
trn_288009,G Hiscock
trn_204732,Paul King
trn_99963,Mrs S Prouse
trn_372348,H Stock
trn_372384,Miss E L Gillings
trn_370233,Mrs R A Romain
trn_372078,Miss M Lawrence
trn_363618,Mrs Helen Bament
trn_70497,Gary Moore
trn_51561,W P Browne
trn_3573,Jonjo O'Neill
trn_25776,Peter Bowen
trn_354132,E O'Donnabhain
trn_372195,Mrs C Lloyd Davies
trn_372186,Miss Chloe Mills
trn_372177,Miss A Willmott
trn_111411,Joanne Priest
trn_31023,M G Quinn
trn_353565,John Wright
trn_331218,S Payne
trn_342801,J P Flavin
trn_137637,Mrs C M Tinkler
trn_299466,Miss S Coward
trn_353295,Kate Leckenby
trn_74322,Martin Brassil
trn_96120,E McNamara
trn_44919,John Joseph Murphy
trn_35955,T E Hyde
trn_363924,Miss D Kenealy
trn_253737,Mark Fahey
trn_24831,John Cornwall
trn_173943,Emma Owen
trn_243702,P Decouz
trn_355995,Paul Mulligan
trn_191169,Miss S L Klug
trn_85140,R Teague
trn_249831,E Turner
trn_354357,Mrs L Jones
trn_161460,Michael Mulvany
trn_126675,Liz Doyle
trn_201789,S Curling
trn_46908,T M Walsh
trn_344367,Padraig Butler
trn_226557,Paul Hennessy
