damsire_id,damsire
dsi_296359,Old Vic
dsi_301889,Mansonnien
dsi_3843581,Bollin Eric
dsi_3276504,Muhtathir
dsi_3816407,Saint Des Saints
dsi_3135986,Among Men
dsi_3659551,Golan
dsi_3384073,Robin Des Pres
dsi_3852772,Black Sam Bellamy
dsi_468524,Alflora
dsi_3208429,Sagamix
dsi_3401643,Ultimately Lucky
dsi_3993948,Kapgarde
dsi_2131927,Supreme Leader
dsi_677803,Definite Article
dsi_2878428,Evasive
dsi_3602235,Mull Of Kintyre
dsi_4793005,Thewayyouare
dsi_3851113,Until Sundown
dsi_3297462,Kayf Tara
dsi_3927665,Westerner
dsi_3723636,Anzillero
dsi_4486727,Linda's Lad
dsi_4577188,Irish Wells
dsi_530859,Beneficial
dsi_699377,Heron Island
dsi_540960,Alderbrook
dsi_152544,Lord Americo
dsi_614005,Midnight Legend
dsi_676165,Presenting
dsi_366520,Turgeon
dsi_3321185,Jimble
dsi_3503136,Laveron
dsi_4009047,Gold Well
dsi_3958990,Big Bad Bob
dsi_633759,Poliglote
dsi_438830,Exit To Nowhere
dsi_676046,Flemensfirth
dsi_2133152,Acatenango
dsi_510566,Bob's Return
dsi_3271562,Dark Moondancer
dsi_3942673,Nickname
dsi_3845786,Great Pretender
dsi_350203,Karinga Bay
dsi_546966,Protektor
dsi_3254237,Saddlers' Hall
dsi_3659369,Curtain Time
dsi_4619972,Duke Of Marmalade
dsi_296611,Danehill
dsi_3822805,Captain Rio
dsi_4098703,Blackdoun
dsi_764792,Silver Patriarch
dsi_599046,Lando
dsi_3512257,Spadoun
dsi_3734157,Milan
dsi_3920336,Choisir
dsi_3527125,Dansili
dsi_3974124,Dalakhani
dsi_4870369,Mastercraftsman
dsi_4602234,Holy Roman Emperor
dsi_4532486,Champs Elysees
dsi_3501729,Kingsalsa
dsi_3562979,Roy
dsi_3591329,Giant's Causeway
dsi_3723643,Network
dsi_3722383,Galileo
dsi_672525,Anabaa
dsi_4677225,Lawman
dsi_3689966,Robin Des Champs
dsi_3368435,Golden Snake
dsi_685720,Humbel
dsi_3111234,Stepneyev
dsi_442617,Fourstars Allstar
dsi_113911,Glacial Storm
dsi_672028,Charnwood Forest
dsi_4173533,Oratorio
dsi_414470,Mujadil
dsi_4465013,Sir Percy
dsi_2127055,Cadoudal
dsi_3789198,Acclamation
dsi_3187051,Peintre Celebre
dsi_3758832,Point Given
dsi_4472293,Arcadio
dsi_3888920,Fair Mix
dsi_591024,King's Theatre
dsi_409969,Priolo
dsi_4009460,Shirocco
dsi_405517,Environment Friend
dsi_3839283,Sholokhov
dsi_3548489,Invincible Spirit
dsi_3521238,Montjeu
dsi_4248748,Turtle Bowl
dsi_4868829,Sea The Stars
dsi_2124080,Rainbow Quest
dsi_4175850,Fastnet Rock
dsi_5327504,Dream Ahead
dsi_4214315,Shamardal
dsi_753900,Pivotal
dsi_3960579,Oasis Dream
dsi_4817246,Tamayuz
dsi_4459483,Dandy Man
dsi_3496521,Namid
dsi_3133732,Compton Place
dsi_2111641,Night Shift
dsi_3970064,Avonbridge
dsi_4094377,Azamour
dsi_4127830,Dubawi
dsi_634116,Spectrum
dsi_4216086,Camacho
dsi_4080139,Kodiac
dsi_723912,Royal Applause
dsi_5292651,Zoffany
dsi_3805956,Firebreak
dsi_4181198,Cacique
dsi_4045216,Exceed And Excel
dsi_5198676,Blame
dsi_3823484,High Chaparral
dsi_4206895,Malibu Moon
dsi_2130226,Kris S
dsi_3659915,Nayef
dsi_4078998,Whipper
dsi_4701529,Dark Angel
dsi_5493852,Harbour Watch
dsi_4546038,Teofilo
dsi_660275,Desert Style
dsi_4217458,Footstepsinthesand
dsi_5440085,Sepoy
dsi_3616242,Beat Hollow
dsi_5021548,Le Havre
dsi_5648727,Epaulette
dsi_5335106,Farhh
dsi_4204263,Speightstown
dsi_6014925,Gleneagles
dsi_5322954,Casamento
dsi_3930262,Medaglia d'Oro
dsi_5178992,Bated Breath
dsi_529564,Platini
dsi_416381,Agent Bleu
dsi_3234945,Oscar
dsi_3137477,Tomba
dsi_698782,Alhaarth
dsi_154189,Big Shuffle
dsi_763784,Daylami
dsi_593768,Monsun
dsi_3261006,Croco Rouge
dsi_3548622,Millenary
dsi_3257660,Ungaro
dsi_4645585,Authorized
dsi_284298,Video Rock
dsi_3779559,Gamut
dsi_3366048,Kalanisi
dsi_3512425,Slickly
dsi_727153,Solon
dsi_4624179,Mahler
dsi_345751,Snurge
dsi_4905250,Vision D'Etat
dsi_65219,Sir Harry Lewis
dsi_3727269,Vinnie Roe
dsi_684537,Bishop Of Cashel
dsi_351715,Kendor
dsi_344120,Anshan
dsi_2139543,Useful
dsi_3700067,Samum
dsi_67970,Nomadic Way
dsi_453306,Dom Alco
dsi_2125627,Mont Basile
dsi_3137162,Revoque
dsi_3756361,Sassanian
dsi_634361,Villez
dsi_3862593,Martaline
dsi_3957289,Brian Boru
dsi_2130086,Phardante
dsi_3187065,Kaldou Star
dsi_469245,Lahib
dsi_3962595,Alberto Giacometti
dsi_397411,Witness Box
dsi_3841467,Ange Gabriel
dsi_497140,Take Risks
dsi_670698,Luso
dsi_3613743,Cadoubel
dsi_3598084,Grand Seigneur
dsi_2116863,Strong Gale
dsi_3247825,Sadler's Wells
dsi_4218179,Walk In The Park
dsi_728077,Danehill Dancer
dsi_460341,Kotashaan
dsi_4602430,Getaway
dsi_3782352,Dubai Destination
dsi_776510,Dr Massini
dsi_634179,Swain
dsi_3417666,Tiger Hill
dsi_4624228,Mount Nelson
dsi_4224962,Scorpion
dsi_4079796,Voix Du Nord
dsi_763539,Astarabad
dsi_3708180,Tobougg
dsi_5186867,Lope De Vega
dsi_3954650,Zafeen
dsi_5617752,Havana Gold
dsi_699601,Loup Solitaire
dsi_3691716,Needwood Blade
dsi_598948,Gothland
dsi_2114623,Roselier
dsi_3622080,Sinndar
dsi_3145891,Medaaly
dsi_2112327,Over The River
dsi_4128131,Hurricane Run
dsi_25326,Indian Ridge
dsi_3922548,Morozov
dsi_420119,Passing Sale
dsi_731787,Tumbleweed Ridge
dsi_634410,Winged Love
dsi_4495463,Jeremy
dsi_441539,Pistolet Bleu
dsi_3897313,Arakan
dsi_2134195,Accordion
dsi_676893,Kaldounevees
dsi_3518802,Indian Danehill
dsi_589218,Hushang
dsi_2101463,Be My Native
dsi_3962511,Refuse To Bend
dsi_3832675,Hawk Wing
dsi_484274,April Night
dsi_2129673,Bob Back
dsi_551887,Sabrehill
dsi_2124255,Shernazar
dsi_4270791,Mountain High
dsi_2126159,Green Desert
dsi_3544135,Indian River
dsi_21,Terimon
dsi_3849349,Where Or When
dsi_683137,Singspiel
dsi_3337180,High-Rise
dsi_453460,Sleeping Car
dsi_3150539,Zamindar
dsi_532063,Hernando
dsi_3897691,Phoenix Reach
dsi_4124288,Sleeping Indian
dsi_632765,Bahri
dsi_4623647,Archipenko
dsi_5344171,Frankel
dsi_3691611,Kyllachy
dsi_5411385,Born To Sea
dsi_6057142,Golden Horn
dsi_4943932,Intense Focus
dsi_4880631,Bushranger
dsi_4204550,Leroidesanimaux
dsi_6104063,Make Believe
dsi_5298622,Mayson
dsi_5746923,Intello
dsi_3153248,Cape Cross
dsi_3146626,Elnadim
dsi_4603018,Bernardini
dsi_4439239,Red Clubs
dsi_4799585,Paco Boy
dsi_5422165,Slade Power
dsi_97321,Rahy
dsi_2129750,Seattle Dancer
dsi_3833298,Johannesburg
dsi_4760049,Stimulation
dsi_5899537,Charm Spirit
dsi_4544750,War Front
dsi_5171712,Society Rock
dsi_5507334,Dragon Pulse
dsi_3234854,Cloudings
dsi_3952928,Clodovil
dsi_4058915,Kheleyf
dsi_3798977,Broken Vow
dsi_5880140,Kingman
dsi_3763522,Street Cry
dsi_3616368,King's Best
dsi_467929,Imperial Ballet
dsi_4091143,Iffraaj
dsi_675241,Halling
dsi_3814832,Rock Of Gibraltar
dsi_5272953,Elzaam
dsi_5493992,Camelot
dsi_5988269,Muhaarar
dsi_4009068,Haafhd
dsi_5785444,Australia
dsi_4131533,Motivator
dsi_5454624,Power
dsi_4247215,Manduro
dsi_5152770,Showcasing
dsi_5601162,Sir Prancealot
dsi_3962056,Elusive City
dsi_3136021,Bahamian Bounty
dsi_591094,Piccolo
dsi_3126837,Verglas
dsi_3143581,Kylian
dsi_371490,Machiavellian
dsi_3336389,Distorted Humor
dsi_5164208,Poet's Voice
dsi_4176179,Rock Hard Ten
dsi_5163571,Vale Of York
dsi_690949,Tamure
dsi_675766,Classic Cliche
dsi_4779124,Raven's Pass
dsi_5586742,Quiet American
dsi_4598440,Creachadoir
dsi_2126166,Bering
dsi_740670,Shantou
dsi_725431,Valanour
dsi_3983700,Doyen
dsi_343609,Royal Academy
dsi_740341,Grape Tree Road
dsi_3129539,Cachet Noir
dsi_236495,Lute Antique
dsi_2135021,Royal Charter
dsi_522410,Kadalko
dsi_3204334,Grand Tresor
dsi_431627,Sheyrann
dsi_2128469,Mister Lord
dsi_681177,Oscar Schindler
dsi_3842790,Ballingarry
dsi_3090514,Well Chosen
dsi_421554,Panoramic I
dsi_447930,Michel Georges
dsi_553728,Marchand De Sable
dsi_467075,Johann Quatz
dsi_4067126,Lucky Story
dsi_4589844,Rail Link
dsi_611072,Grand Lodge
dsi_4581976,Excellent Art
dsi_736442,Ali-Royal
dsi_3270568,Trans Island
dsi_5528656,Heeraat
dsi_5494055,Gregorian
dsi_152166,Soviet Star
dsi_4058978,Majestic Missile
dsi_4585931,Hellvelyn
dsi_4058614,Byron
dsi_4797457,Atlantic Sport
dsi_5126478,Canford Cliffs
dsi_5475813,Lilbourne Lad
dsi_5084065,Starspangledbanner
dsi_5126548,Frozen Power
dsi_5248348,Zebedee
dsi_4869837,Rip Van Winkle
dsi_4631403,Sakhee's Secret
dsi_3862180,Proud Citizen
dsi_3548930,Sakhee
dsi_5876514,Night Of Thunder
dsi_5472908,Requinto
dsi_4759678,Fast Company
dsi_65541,Cadeaux Genereux
dsi_4618404,Dutch Art
dsi_3523695,Arch
dsi_3314507,Diktat
dsi_4871279,Masterofthehorse
dsi_4605440,Cockney Rebel
dsi_2125739,Fayruz
dsi_3502562,Jet Master
dsi_3631110,More Than Ready
dsi_3643801,Exchange Rate
dsi_370027,Band On The Run
dsi_4690833,New Approach
dsi_742126,Titus Livius
dsi_5245191,Excelebration
dsi_531678,Inchinor
dsi_5647166,Dawn Approach
dsi_4953634,Sayif
dsi_2129764,Theatrical
dsi_435050,Selkirk
dsi_3256673,Dr Fong
dsi_4091213,Ghostzapper
dsi_4387173,Assertive
dsi_480634,Wolfhound
dsi_425999,Marju
dsi_4345138,Misu Bond
dsi_3930934,Mineshaft
dsi_4796617,Aqlaam
dsi_3779741,Le Fou
dsi_736484,Mark Of Esteem
dsi_491694,Cardoun
dsi_3973207,Soave
dsi_3503556,Areion
dsi_388108,Linamix
dsi_5197836,So You Think
dsi_699034,Darazari
dsi_4168122,Balko
dsi_406483,Bravefoot
dsi_4572834,Gentlewave
dsi_534982,Grand Plaisir
dsi_71680,Doyoun
dsi_409983,Epervier Bleu
dsi_740320,Dushyantor
dsi_60907,Zaffaran
dsi_33194,Relief Pitcher
dsi_735252,Discover D'Auteuil
dsi_3209703,HawkstoneI
dsi_3363066,Fantastic Light
dsi_590303,Eagle Eyed
dsi_3522050,Lemon Drop Kid
dsi_45507,Carroll House
dsi_699573,Le Triton
dsi_711046,East Of Heaven
dsi_4087860,Geordieland
dsi_571676,Blushing Flame
dsi_763560,Bahhare
dsi_2112817,Persian Bold
dsi_2129603,Gone West
dsi_4885167,Art Connoisseur
dsi_606389,Sternkoenig
dsi_3697442,Medicean
dsi_5460231,Foxwedge
dsi_2135231,Red Ransom
dsi_4889178,Street Boss
dsi_764127,Intikhab
dsi_4996964,Cityscape
dsi_5246346,Wootton Bassett
dsi_4756437,Henrythenavigator
dsi_5393906,Animal Kingdom
dsi_3768751,Keltos
dsi_4677617,My Halo
dsi_4056962,Antonius Pius
dsi_5925710,Due Diligence
dsi_4985372,Delegator
dsi_4728696,Curlin
dsi_3585372,Bach
dsi_411852,Polar Falcon
dsi_2110283,Mandalus
dsi_332059,Polish Precedent
dsi_3769220,Califet
dsi_2106762,Good Thyne
dsi_651812,Sri Pekan
dsi_4594863,Captain Marvelous
dsi_3420004,Bertolini
dsi_3359874,Daliapour
dsi_552440,Smadoun
dsi_627592,Tikkanen
dsi_458570,Romany Rye
dsi_115437,Mtoto
dsi_4507160,Darsi
dsi_4208057,Aragorn
dsi_4741954,Zambezi Sun
dsi_343651,Sanglamore
dsi_379323,Quest For Fame
dsi_3186393,Alamo Bay
dsi_2124878,Cozzene
dsi_4247670,Konigstiger
dsi_2100756,Aristocracy
dsi_2129596,Highest Honor
dsi_405559,Generous
dsi_86870,Unfuwain
dsi_3868963,Special Kaldoun
dsi_572439,Lost World
dsi_3150329,Entrepreneur
dsi_764582,Rainwatch
dsi_590415,Green Tune
dsi_3223696,Fragrant Mix
dsi_2115099,Saint Cyrien
dsi_727853,Atraf
dsi_476742,Lomitas
dsi_2125032,Sula Bula
dsi_4209772,Malinas
dsi_621082,Double Trigger
dsi_625933,Hawker's News
dsi_3252319,Antarctique
dsi_764316,Marathon
dsi_4863383,Mawatheeq
dsi_5601218,Toronado
dsi_5535299,Dabirsim
dsi_2129729,Storm Cat
dsi_3645047,Blu Air Force
dsi_5266135,Makfi
dsi_5237701,Nathaniel
dsi_4176963,Indesatchel
dsi_2129337,Efisio
dsi_3270757,Shinko Forest
dsi_2134608,Dynaformer
dsi_5108635,Red Jazz
dsi_3965115,Trade Fair
dsi_4490136,English Channel
dsi_3263337,Elusive Quality
dsi_4034121,Empire Maker
dsi_3940377,Monsieur Bond
dsi_4846485,Equiano
dsi_4038069,Moss Vale
dsi_3709314,Noverre
dsi_2133222,Seeking The Gold
dsi_510454,Barathea
dsi_5312636,Tin Horse
dsi_4165063,Tapit
dsi_406112,Rudimentary
dsi_3647567,Al Namix
dsi_3983273,Kris Kin
dsi_3135601,Desert King
dsi_2100399,Alzao
dsi_4038104,Pastoral Pursuits
dsi_3508001,Sendawar
dsi_4455885,Coin Silver
dsi_590884,Broadway Flyer
dsi_344337,Dashing Blade
dsi_4449795,George Washington
dsi_720111,Woodborough
dsi_3728893,Libourne
dsi_4519235,Lord Of England
dsi_2126243,Shahrastani
dsi_3885084,Secret Singer
dsi_4623654,Astronomer Royal
dsi_479486,Fraam
dsi_3358341,Agnes World
dsi_5135942,Arcano
dsi_3322228,Grand Slam
dsi_5677651,Olympic Glory
dsi_3592449,Primo Valentino
dsi_4576999,Invasor
dsi_4009054,Grand Reward
dsi_4761330,Adlerflug
dsi_3739757,Mizzen Mast
dsi_5605250,Declaration Of War
dsi_2125851,Forzando
dsi_4092207,Birdstone
dsi_491743,Lion Cavern
dsi_7032655,Mehmas
dsi_4928553,Lord Shanakill
dsi_4163390,Kitten's Joy
dsi_4147381,Starcraft
dsi_5133128,Siyouni
dsi_4954985,Silver Frost
dsi_3862642,Act One
dsi_3310986,Gold Away
dsi_4572092,Jazil
dsi_2109387,Lear Fan
dsi_3266487,Belong To Me
dsi_4997909,Urban Poet
dsi_33054,Moscow Society
dsi_741195,Samraan
dsi_2136918,Gildoran
dsi_69251,Jamesmead
dsi_4086887,Yeats
dsi_441525,Mister Mat
dsi_4482254,Dylan Thomas
dsi_3543505,Maresca Sorrento
dsi_578746,Rochesson
dsi_4638186,Scat Daddy
dsi_21911393,Rock City
dsi_750722,Ragmar
dsi_585060,Lake Coniston
dsi_3315102,Arnaqueur
dsi_3143196,Zero Problemo
dsi_4703412,Myboycharlie
dsi_4442879,Flower Alley
dsi_4220216,Windsor Knot
dsi_3156755,Smart Strike
dsi_5164180,Elusive Pimpernel
dsi_3752329,Delaware Township
dsi_4514419,Kendargent
dsi_5725916,Anodin
dsi_3810576,Redback
dsi_2112061,Nureyev
dsi_531426,Zafonic
dsi_3565226,Redoute's Choice
dsi_4079782,Diamond Green
dsi_4619986,Haatef
dsi_565901,Sea Hero
dsi_4061456,Three Valleys
dsi_613501,Key Of Luck
dsi_357196,Shambo
dsi_2126229,Woodman
dsi_388129,Roi De Rome
dsi_3591266,Fath
dsi_2131997,Un Desperado
dsi_4085123,American Post
dsi_4509400,Stormy River
dsi_590296,Distant View
dsi_600880,Mister Baileys
dsi_4627504,Spirit One
dsi_3499902,Orpen
dsi_5455471,Helmet
dsi_4782463,Sageburg
dsi_4786334,Daaher
dsi_600243,Averti
dsi_5377211,Al Kazeem
dsi_3957527,Norse Dancer
dsi_3974761,Sky Mesa
dsi_5927481,Sea The Moon
dsi_3591616,Observatory
dsi_3136224,Danetime
dsi_5180469,Lookin At Lucky
dsi_589141,Bartok I
dsi_4992813,Naaqoos
dsi_4552268,Strategic Prince
dsi_4606091,Major Cadeaux
dsi_3989475,Joe Bear
dsi_4759531,Captain Gerrard
dsi_3730776,Hussonet
dsi_5636862,Alhebayeb
dsi_301448,Nashwan
dsi_746151,Maria's Mon
dsi_5306966,Approve
dsi_3296636,Second Empire
dsi_4749731,Dansant
dsi_753039,Unbridled's Song
dsi_2998898,Passing Glance
dsi_5006204,Munnings
dsi_690032,Mr Greeley
dsi_4864650,Pulling Punches
dsi_4087804,Chineur
dsi_5389447,Pour Moi
dsi_3143665,Brave Act
dsi_4123644,Caradak
dsi_3696896,War Chant
dsi_3841789,Denham Red
dsi_433608,Topanoora
dsi_2136309,King's Ride
dsi_3301837,Fruits Of Love
dsi_3702986,Kallisto
dsi_238889,Hours After
dsi_5270552,Pirateer
dsi_3127201,Lavirco
dsi_2115799,Sicyos
dsi_87220,El Conquistador
dsi_3707347,Reel Buddy
dsi_685027,Double Eclipse
dsi_120183,Beau Sher
dsi_344834,Norwich
dsi_4871055,Fame And Glory
dsi_3298582,Blueprint
dsi_442792,Desert Sun
dsi_3979927,Whywhywhy
dsi_3529575,Banyumanik
dsi_3333918,Dream Well
dsi_3123435,Superior Premium
dsi_2129680,Trempolino
dsi_3546683,Spendent
dsi_445046,Perpendicular
dsi_3269210,Desert Prince
dsi_4090401,Bachelor Duke
dsi_727524,Tagula
dsi_458591,Toulon
dsi_2136281,Chamberlin
dsi_2108764,Kenmare
dsi_3252116,Art Francais
dsi_49175,Broken Hearted
dsi_3289671,Xaar
dsi_611079,Overbury
dsi_3677114,Baryshnikov
dsi_467642,Assessor
dsi_6208167,Gutaifan
dsi_5818484,War Command
dsi_4494735,Sixties Icon
dsi_3948378,Catcher In The Rye
dsi_3189921,Encosta De Lago
dsi_3734465,Storming Home
dsi_5874547,No Nay Never
dsi_3305358,Tertullian
dsi_3931207,Spartacus
dsi_4045286,Milk It Mick
dsi_3932551,Khalkevi
dsi_432509,Dear Doctor
dsi_4757515,Axxos
dsi_4598426,Barastraight
dsi_2107112,Gunner B
dsi_16415,Most Welcome
dsi_588910,Badolato
dsi_314846,Aahsaylad
dsi_475321,Murmure
dsi_3188248,Stowaway
dsi_3502282,Beat All
dsi_3733779,Dilshaan
dsi_3638705,Marienbard
dsi_3872743,Officer
dsi_3686655,Imperial Dancer
dsi_2104375,Diesis
dsi_5147233,Zanzibari
dsi_501326,Brier Creek
dsi_3502310,Enrique
dsi_3591581,Monashee Mountain
dsi_493430,Northern Crystal
dsi_3961167,Epalo
dsi_467880,Great Palm
dsi_406175,Shalford
dsi_3698408,Bonnet Rouge
dsi_4639740,Lucarno
dsi_5022934,Pioneerof The Nile
dsi_3955546,Chevalier
dsi_4798836,Tale Of Ekati
dsi_4572442,Sharp Humor
dsi_572670,Nicolotte
dsi_2133621,Komaite
dsi_4186861,Iceman
dsi_486955,Muhtarram
dsi_2125760,Nikos
dsi_286573,Vestris Abu
dsi_4485327,September Storm
dsi_3970715,Whitmore's Conn
dsi_4030824,My Risk
dsi_4348540,Daramsar
dsi_3728466,Ishiguru
dsi_4255181,Rockport Harbor
dsi_3987102,Soldier Hollow
dsi_5150754,Dick Turpin
dsi_5714912,Moohaajim
dsi_4030628,Coroner
dsi_4127767,Desideratum
dsi_617176,Germany
dsi_2934036,Kirkwall
dsi_3294928,Diableneyev
dsi_3207309,Craigsteel
dsi_39480,Kahyasi
dsi_4464495,Ivan Denisovich
dsi_335293,Muroto
dsi_372505,Rock Hopper
dsi_510909,Emperor Jones
dsi_3336858,Limnos
dsi_3690442,Saint Preuil
dsi_4905173,Montmartre
dsi_465227,Subotica
dsi_4957421,Vocalised
dsi_3921855,Charming Groom
dsi_6066578,Twilight Son
dsi_4551799,Arabian Gleam
dsi_3728403,Freud
dsi_62825,Statoblest
dsi_4223408,Doctor Dino
dsi_588203,Le Balafre
dsi_4804191,Falco
dsi_2114602,Rose Laurel
dsi_4498865,Rebelsway
dsi_2134286,Tragic Role
dsi_1141,Rakaposhi King
dsi_634347,Vettori
dsi_4538492,Ask
dsi_3635513,Kutub
dsi_749000,Honour And Glory
dsi_3263946,Docksider
dsi_4476654,Hat Trick
dsi_3918579,Statue Of Liberty
dsi_4491872,Multiplex
dsi_3797024,Lonhro
dsi_4108454,Eurosilver
dsi_734314,Intidab
dsi_3957996,Van Nistelrooy
dsi_3502401,Stravinsky
dsi_5603829,Ocovango
dsi_4595990,Vendangeur
dsi_2126138,Slip Anchor
dsi_4249532,Golden Tornado
dsi_342503,Bateau Rouge
dsi_4133563,Dynasty
dsi_5413016,Mukhadram
dsi_3723811,Panis
dsi_3580101,Fasliyev
dsi_3745714,Include
dsi_2133194,Silver Deputy
dsi_3219048,Pulpit
dsi_675829,Miesque's Son
dsi_3498250,Shahanndeh
dsi_3857007,Shaanmer
dsi_571802,Close Conflict
dsi_383761,Houmayoun
dsi_2136687,Rashar
dsi_738437,Lord Of Men
dsi_698936,Busy Flight
dsi_3833452,Meshaheer
dsi_657622,Freedom Cry
dsi_764281,Loup Sauvage
dsi_512106,Raintrap
dsi_2126873,Leading Counsel
dsi_693420,Alhaatmi
dsi_439271,Tel Quel
dsi_2135336,Jolly Jake
dsi_3731161,Mr Combustible
dsi_3826522,Kouroun
dsi_4238801,Silver Cross
dsi_3207225,Central Park
dsi_3956701,Indian Haven
dsi_2129659,Groom Dancer
dsi_765030,Vertical Speed
dsi_4268691,Peer Gynt
dsi_2124451,Garde Royale
dsi_4839422,Kap Rock
dsi_4123686,Court Cave
dsi_585718,Turtle Island
dsi_4053448,Misternando
dsi_118930,Minster Son
dsi_3756998,Sagacity
dsi_3111157,Sevres Rose
dsi_3647602,Tiger Groom
dsi_2129428,Saint Estephe
dsi_3207659,Gulland
dsi_4494112,Carlotamix
dsi_3414446,Indian Lodge
dsi_344176,Be My Chief
dsi_531930,Homme De Loi
dsi_176393,Petoski
dsi_3584833,Silvano
dsi_3878721,Air Eminem
dsi_755790,Truth Or Dare I
dsi_4624284,Soldier Of Fortune
dsi_732557,Gold And Steel
dsi_3686886,Modigliani
dsi_3294893,Daggers Drawn
dsi_5800319,Fountain Of Youth
dsi_5063387,Air Chief Marshal
dsi_628012,Brocco
dsi_4763318,Saint Anddan
dsi_161686,Jurado
dsi_675864,Pennekamp
dsi_2132053,Gulch
dsi_3775478,And Beyond
dsi_4077878,Alkaadhem
dsi_512379,Son Of Sharp Shot
dsi_2118809,Welsh Term
dsi_772562,Alphabet Soup
dsi_330498,Zilzal
dsi_505316,Apple Tree
dsi_4128446,Notnowcato
dsi_3312379,St Jovite
dsi_161056,Safety Catch
dsi_3325686,River Mist
dsi_5010166,Buck's Boum
dsi_360773,Sovereign Water
dsi_4452693,Deep Impact
dsi_2108281,Irish River
dsi_541877,Kadastrof
dsi_2104522,Dom Pasquini
dsi_4848690,It's Gino
dsi_380786,Deploy
dsi_3225866,Fado
dsi_3963078,Country Reel
dsi_3136686,Largesse
dsi_4234013,Bellamy Road
dsi_3877699,Harlan's Holiday
dsi_672532,Atticus
dsi_3207302,Courteous
dsi_2126922,Alphabatim
dsi_4548635,Spanish Moon
dsi_292663,Fijar Tango
dsi_3378557,Cosmonaut
dsi_3028928,Royal Anthem
dsi_3857210,Bandari
dsi_3686844,Black Minnaloushe
dsi_84497,Charmer
dsi_4052167,Prince Kirk
dsi_3660062,Saddler Maker
dsi_2109044,Kris
dsi_6257503,Ribchester
dsi_3496080,Martino Alonso
dsi_5302829,Roderic O'Connor
dsi_2126257,Shardari
dsi_41559,Gold Dust I
dsi_634193,Taipan
dsi_3153262,Desert Story
dsi_2131878,Keen
dsi_3662813,Olden Times
dsi_2136827,Synefos
dsi_4200735,Bonbon Rose
dsi_447916,Sillery
dsi_3748654,Anabaa Blue
dsi_553315,Kingmambo
dsi_4108776,Reefscape
dsi_3577644,Rossini
dsi_3981075,Alamshar
dsi_3766357,Falbrav
dsi_3270050,King Of Kings
dsi_4506089,Hurricane Cat
dsi_383782,Comte Du Bourg
dsi_2101540,Beaudelaire
dsi_3706829,Chichicastenango
dsi_4048933,Danbird
dsi_5528215,Most Improved
dsi_3573682,Danzero
dsi_3414852,Mujahid
dsi_4794713,First Defence
dsi_3938431,Hold That Tiger
dsi_4050599,One Cool Cat
dsi_425817,Mukaddamah
dsi_3220098,Saint Ballado
dsi_3339483,Tiraaz
dsi_686308,Nononito
dsi_4181667,Mister Sacha
dsi_5551420,Masterstroke
dsi_471135,True Brave
dsi_757491,Ashkalani
dsi_3707991,Mozart
dsi_3892441,Sulamani
dsi_299999,Valanjou I
dsi_2107546,Henbit
dsi_3502331,Josr Algarhoud
dsi_4924724,Blue Bresil
dsi_432558,Balleroy
dsi_160489,Little Bighorn
dsi_4224857,Echo Of Light
dsi_3135811,Indian Rocket
dsi_3717126,Pyrus
dsi_6026909,Ivawood
dsi_4812647,Pomellato
dsi_3341499,Roli Abi
dsi_633724,Pilsudski
dsi_2117353,Teenoso
dsi_3625874,High Yield
dsi_151354,Double Bed
dsi_3257793,Visionary
dsi_4234062,Early March
dsi_3571638,Amilynx
dsi_3119606,Quws
dsi_3220112,Zabeel
dsi_510818,Dernier Empereur
dsi_3762612,Maille Pistol
dsi_3989832,Vindication
dsi_2104116,Darshaan
dsi_4240572,Silent Name
dsi_5483345,Lethal Force
dsi_4097646,Apsis
dsi_676053,Goldmark
dsi_2112803,Perrault
dsi_3807587,Arvico
dsi_2100336,Alleged
dsi_2133775,Hubbly Bubbly
dsi_2786,Moon Madness
dsi_2125067,Montelimar
dsi_91560,Insan
dsi_4688159,Coastal Path
dsi_3594262,Barathea Guest
dsi_3583538,Chef De Clan
dsi_4476528,Aussie Rules
dsi_595833,Siam
dsi_583856,Jeune Homme
dsi_588196,Bigstone
dsi_759374,Spinning World
dsi_3710721,King Charlemagne
dsi_3736943,Equerry
dsi_3699766,Fusaichi Pegasus
dsi_627389,Moonax
dsi_463834,Dreams End
dsi_2135945,Gone Fishin
dsi_495558,Chief Honcho
dsi_739053,Langfuhr
dsi_3361029,Urban Ocean
dsi_3953992,Deportivo
dsi_3761534,Momentum
dsi_407869,Emperor Fountain
dsi_3268594,Touch Gold
dsi_4700157,Hard Spun
dsi_4189871,Smarty Jones
dsi_3652502,Forest Wildcat
dsi_342755,Elmaamul
dsi_3492139,Saffron Walden
dsi_3636899,Traditionally
dsi_2124682,Argument
dsi_4677001,Gris De Gris
dsi_715260,Cayman Kai
dsi_149814,Common Grounds
dsi_4485502,Youmzain
dsi_5860085,Cable Bay
dsi_2113790,Rahotep I
dsi_4944793,Kamsin
dsi_439215,Northern Park
dsi_3648771,Polish Summer
dsi_568596,Sin Kiang
dsi_2125802,Lashkari
dsi_2111613,Nicholas Bill
dsi_153713,Lesotho
dsi_4739469,Le Cadre Noir
dsi_3930213,Sunday Break
dsi_3840613,Sabiango
dsi_3123764,Helissio
dsi_5892096,Hot Streak
dsi_3983049,Perfect Soul
dsi_4609528,Lauro
dsi_3278499,Lucky Dream I
dsi_510335,Ajdayt
dsi_4989285,Sans Frontieres
dsi_280931,Executive Perk
dsi_543578,Earl Of Barking
dsi_4031286,Touch Of Land
dsi_4097583,Simplex
dsi_19107844,Nashamaa
dsi_2115911,Silver Hawk
dsi_3295698,Rainbow High
dsi_3610978,Kier Park
dsi_6002822,Windsor Heights
dsi_4651955,Street Sense
dsi_572019,Erhaab
dsi_3293402,Kasakov
dsi_5498255,Universal
dsi_3278233,Arkadian Hero
dsi_5753146,Goldencents
dsi_5638892,Bungle Inthejungle
dsi_5601386,Battle Of Marengo
dsi_3155264,Starborough
dsi_330225,Brush Aside
dsi_3860619,Orientate
dsi_4059846,Balmont
dsi_4045615,Badge Of Silver
dsi_3831086,Roman Saddle
dsi_4524226,Puit D'Or
dsi_3323376,Lone Bid
dsi_406154,Second Set
dsi_4058824,Great Exhibition
dsi_5104225,Manhattan Rain
dsi_562366,Pelder
dsi_2127020,Kaldoun
dsi_3127894,Baroud D'Honneur
dsi_3741514,Clety
dsi_697536,Thunder Gulch
dsi_530929,College Chapel
dsi_4831939,Gio Ponti
dsi_4497822,Kentucky Dynamite
dsi_4870306,Golden Sword
dsi_5093571,Quality Road
dsi_744233,Almushtarak
dsi_730219,Mystery Storm
dsi_2124402,Afzal
dsi_3659719,Little Jim
dsi_3198447,Naheez
dsi_5369000,Maxios
dsi_4223583,Linngari
dsi_4063976,Martillo
dsi_2102471,Buckskin
dsi_295589,Port Lyautey
dsi_544831,Needle Gun
dsi_99281,Reprimand
dsi_2101456,Be My Guest
dsi_300132,Phantom Breeze
dsi_536165,Adieu Au Roi
dsi_3986213,Marshall
dsi_6124769,Awtaad
dsi_5808859,Graydar
dsi_4855088,Into Mischief
dsi_4217493,Librettist
dsi_2130891,Ela-Mana-Mou
dsi_467292,Pursuit Of Love
dsi_3736285,Dano-Mast
dsi_4245192,Proclamation
dsi_2137919,Apeldoorn
dsi_3301795,City Honours
dsi_3873821,Medecis
dsi_4462416,Amadeus Wolf
dsi_2110885,Miswaki
dsi_3848530,Della Francesca
dsi_2117059,Surumu
dsi_3901226,Striking Ambition
dsi_3140382,Waky Nao
dsi_3495548,Auction House
dsi_3150392,Majorien
dsi_4178412,Lord Du Sud
dsi_4122986,Great Journey
dsi_4228686,Ad Valorem
dsi_607754,Mohaajir
dsi_3868445,War Blade
dsi_571872,Darnay
dsi_4457495,Satri
dsi_285390,High Estate
dsi_3190278,Windsor Castle
dsi_572789,Poltarf
dsi_457604,Suave Dancer
dsi_501543,Sonus
dsi_4073853,Dai Jin
dsi_693665,Talkin Man
dsi_590849,Bal Harbour
dsi_3776332,Indian Creek
dsi_3548440,Subtle Power
dsi_3371025,Raise A Grand
dsi_606095,Foxhound
dsi_3144456,Grey Risk
dsi_3897348,Risk Seeker
dsi_670712,Tamayaz
dsi_718487,Petionville
dsi_4622681,Thousand Words
dsi_4804128,High Rock
dsi_2134118,Clearly Bust
dsi_3853990,Redattore
dsi_2102387,Broadsword
dsi_132496,Ala Hounak
dsi_2114476,Robellino
dsi_2146711,Lafontaine I
dsi_495649,Gallery Of Zurich
dsi_3739764,Domedriver
dsi_23198847,Mazaad
dsi_628390,Know Heights
dsi_511406,Kornado
dsi_3119487,Zagreb
dsi_312270,In The Wings
dsi_3851603,Mr Dinos
dsi_5443767,The Factor
dsi_3916395,Louveteau
dsi_3261818,Aboo Hom
dsi_3270064,Saratoga Springs
dsi_2135441,Arctic Lord
dsi_3259480,Rosen Kavalier I
dsi_3599820,City On A Hill
dsi_699923,Pasternak
dsi_434511,With Approval
dsi_4928497,Mullionmileanhour
dsi_4628113,Schiaparelli
dsi_2104074,Danzig
dsi_562674,Idris
dsi_3989671,Stormy Atlantic
dsi_3208436,Sayarshan
dsi_3548951,Sandmason
dsi_5799815,Finsceal Fior
dsi_5636379,Pedro The Great
dsi_590611,Perugino
dsi_3955672,Le Vie Dei Colori
dsi_4820571,Virtual
dsi_3925726,Kitalpha
dsi_2126740,Tropular
dsi_3706570,Trippi
dsi_3545626,Oblat
dsi_3526852,Christophene
dsi_5622295,Algorithms
dsi_4044460,Forestier
dsi_4246690,Tirwanako
dsi_5198053,Workforce
dsi_5380179,Uncle Mo
dsi_565873,Gilded Time
dsi_2117836,Torus
dsi_652834,General Monash
dsi_620788,Solid Illusion
dsi_16588166,Last Tycoon
dsi_3796233,Songandaprayer
dsi_467796,El Prado
dsi_4995844,Fuisse
dsi_3129840,Abou Zouz
dsi_3782737,Systematic
dsi_3733947,Okawango
dsi_2124115,Commanche Run
dsi_2125816,Primo Dominie
dsi_3305939,Tale Of The Cat
dsi_3203144,Dancing High
dsi_542955,Marignan
dsi_439166,Aelan Hapi
dsi_3597874,Caballo Raptor
dsi_3262154,Lend A Hand
dsi_37702525,Ut*windsor Heights
dsi_4756941,Divine Park
dsi_3251815,A.P. Indy
dsi_3603789,Cape Town
dsi_2102912,Castle Keep
dsi_3897341,Policy Maker
dsi_4738216,King Of Roses
dsi_5179104,Planteur
dsi_3502345,Lujain
dsi_644252,Carnegie
dsi_4486762,Racinger
dsi_3133088,Flying Legend
dsi_2115946,Simply Great
dsi_3606547,Forestry
dsi_5601274,Magician
dsi_5145826,Zensational
dsi_4505578,Red Rocks
dsi_759619,Siphon
dsi_487074,Ezzoud
dsi_3886218,Kizitca
dsi_3275076,Princely Heir
dsi_3136917,Musical Pursuit
dsi_2112264,Orchestra
dsi_662711,Celtic Swing
dsi_756014,Bulington
dsi_3260733,Kabool
dsi_2115596,Seymour Hicks
dsi_2104305,Derrylin
dsi_764050,High Roller
dsi_3143462,Nombre Premier
dsi_541352,Catrail
dsi_620795,Chimes Band
dsi_2111697,Niniski
dsi_3779580,Golden Lariat
dsi_2105222,Esprit Du Nord
dsi_2130373,Dahar
dsi_4703636,Top Hat
dsi_4009166,Let The Lion Roar
dsi_3982916,Merlino Mago
dsi_749602,Shaamit
dsi_4483444,Mister Conway
dsi_600075,Cherokee Run
dsi_4001634,Art Sebal
dsi_3747443,Not For Love
dsi_5412708,Imperial Monarch
dsi_573013,Sea Freedom
dsi_5198557,Discreetly Mine
dsi_5260913,Sidney's Candy
dsi_3145555,Basanta
dsi_590338,First Trump
dsi_5145588,Shakespearean
dsi_3282426,Evening World
dsi_3292212,Nedawi
dsi_3715348,Iron Mask
dsi_5362140,Stay Thirsty
dsi_3529120,Dubai Millennium
dsi_718382,Almaty
dsi_3822014,Congaree
dsi_696556,Tzar Rodney
dsi_313033,Weld
dsi_463610,Runyon
dsi_736827,Lord Of Appeal
dsi_4224136,Rocamadour
dsi_2123912,Law Society
dsi_125370,Lyphento
dsi_4218151,Layman
dsi_747551,Insatiable
dsi_5237785,Reliable Man
dsi_2126558,Baby Turk
dsi_309554,Goldneyev
dsi_5104365,Warrior's Reward
dsi_4188093,Tiger Ridge
dsi_3973263,Pleasantly Perfect
dsi_494284,Bandmaster
dsi_4673102,Tiz Wonderful
dsi_4784598,Famous Name
dsi_3839276,Roar Of The Tiger
dsi_4616528,Admiralofthefleet
dsi_4645235,Literato
dsi_3294879,Chester House
dsi_430549,Hector Protector
dsi_4658591,Midnight Lute
dsi_3869460,Viking Ruler
dsi_3225432,Mt. Livermore
dsi_3677058,Pierre
dsi_4072320,Rule Of Law
dsi_5221342,No Risk At All
dsi_5063569,Cape Blanco
dsi_5827822,Coach House
dsi_3144239,Lil's Boy
dsi_671111,Expelled
dsi_4080405,Mustameet
dsi_5542019,Union Rags
dsi_2131577,Capote
dsi_2126271,Wild Again
dsi_5483324,Es Que Love
dsi_322742,Riverhead
dsi_3828706,Touch Down
dsi_5808516,Kuroshio
dsi_5052236,Mr Sidney
dsi_4147332,Reset
dsi_660177,Camp David
dsi_3920203,Danroad
dsi_4501959,First Samurai
dsi_504483,Brief Truce
dsi_6028827,Adaay
dsi_3268636,Asolo
dsi_5594925,Gemologist
dsi_3207022,Almutawakel I
dsi_4090975,Candy Ride
dsi_4123875,Hamairi
dsi_3139913,Air Express
dsi_4832611,Dunkerque
dsi_3314108,Coronado's Quest
dsi_623784,Strategic Choice
dsi_531797,Portrait Gallery
dsi_3582887,Bernstein
dsi_3423434,Stormin Fever
dsi_5836845,Freedom Child
dsi_533127,Hamas
dsi_3922723,Baltic King
dsi_5711006,Garswood
dsi_6026251,Brazen Beau
dsi_55881,Salse
dsi_5425399,Swiss Spirit
dsi_5877137,Outstrip
dsi_5111729,Dunkirk
dsi_3221722,Ecossais I
dsi_2117444,Thatching
dsi_3208569,Sunshine Street
dsi_4208890,Consolidator
dsi_5650652,Penny's Picnic
dsi_482608,Ecologist
dsi_5783750,Free Eagle
dsi_2126593,Tremblant I
dsi_2100238,Akarad
dsi_466858,Dr Devious
dsi_5908259,Strong Mandate
dsi_3747156,Orientor
dsi_3700326,Aptitude
dsi_2109142,Lagunas
dsi_25774,Turbo Speed
dsi_292586,Alkalde
dsi_5532821,Amaron
dsi_5818785,Anjaal
dsi_4989985,Desert Party
dsi_4486335,Araafa
dsi_721574,Bobinski
dsi_4455465,Ramonti
dsi_5154814,Wiener Walzer
dsi_4125632,Lion Heart
dsi_673365,Laroche
dsi_5003733,Recharge
dsi_585760,Ziggy's Dancer
dsi_4822237,Crossharbour
dsi_361228,Makbul
dsi_2141223,Bold Edge
dsi_4173876,Denounce
dsi_4223877,Afleet Alex
dsi_690060,Timber Country
dsi_5753181,Morpheus
dsi_4111310,Vita Rosa
dsi_4814586,Majestic Warrior
dsi_3862173,Came Home
dsi_6290277,The Gurkha
dsi_2124339,Yashgan
dsi_2134335,Cryptoclearance
dsi_3828685,Royal Dragon
dsi_4119290,Artie Schiller
dsi_4525801,Bluegrass Cat
dsi_5180161,Tizway
dsi_746137,Hennessy
dsi_470841,Cyborg
dsi_755909,French Deputy
dsi_699153,Even Top
dsi_4555411,Vital Equine
dsi_3859023,Rashbag
dsi_6076147,American Pharoah
dsi_532140,Tenby
dsi_375858,Allegoric
dsi_4090436,Canadian Frontier
dsi_4703321,Winker Watson
dsi_3565394,Religiously
dsi_600068,Woods Of Windsor
dsi_3744783,Macho Uno
dsi_2125914,Prince Sabo
dsi_4081189,Ride The Rails
dsi_5177396,Temple City
dsi_2110024,Lyphard's Wish
dsi_291011,Miswaki Tern
dsi_3966445,Franklins Gardens
dsi_6009374,Hallowed Crown
dsi_2106335,General Holme
dsi_4119136,Mustanfar
dsi_459970,Paris House
dsi_619031,Chocolat De Meguro
dsi_2113650,Quart De Vin
dsi_106043,Primitive Rising
dsi_4710419,Caudillo
dsi_4553584,Prime Defender
dsi_647437,Mind Games
dsi_4452350,Six Sense
dsi_3989706,Kafwain
dsi_4780916,Rio De La Plata
dsi_3140802,Desse Zenny
dsi_3646930,Prospect Bay
dsi_6220914,Shalaa
dsi_3735977,Tiznow
dsi_510601,Byzantium I
dsi_504735,Polish Numbers
dsi_3753176,Pushkin
dsi_6073165,Competitive Edge
dsi_3592680,Boundary
dsi_5123650,I Am Invincible
dsi_315875,Roakarad
dsi_416297,Lights Out
dsi_3733842,Hawkeye
dsi_2110542,Master Willie
dsi_4629261,Angliana
dsi_4344886,Heliostatic
dsi_3360504,Aljabr
dsi_3642163,Dixie Union
dsi_407372,Beau Sultan
dsi_741755,Rio Verde
dsi_4928000,Parading
dsi_4436768,Snitzel
dsi_2126635,Two Punch
dsi_2126446,Phone Trick
dsi_345744,Saumarez
dsi_167062,Satco
dsi_2102646,Camden Town
dsi_511665,Moshaajir
dsi_4004329,Johar
dsi_3565240,Testa Rossa
dsi_531202,Petardia
dsi_3831436,Call Me Big
dsi_2115589,Sexton Blake
dsi_71400,Silver Owl
dsi_3778096,General Gambul
dsi_5532317,Noble Mission
dsi_4521489,Discreet Cat
dsi_3514420,Salford Express
dsi_4109077,Flatter
dsi_4055597,Osorio
dsi_347627,Vaguely Pleasant
dsi_3522127,Yes It's True
dsi_4883221,Dynamix
dsi_511616,M'Bebe
dsi_2126145,Danzig Connection
dsi_5636582,George Vancouver
dsi_3410925,Bienamado
dsi_2133719,High Kicker
dsi_2115750,Shirley Heights
dsi_6032117,Alex The Winner
dsi_3548776,Ocean Of Wisdom
dsi_5002242,Mambo In Seattle
dsi_654794,Valiant Nature
dsi_24150,Picea
dsi_5182639,Denman
dsi_5783848,Karakontie
dsi_438165,Young Buster I
dsi_4539598,Bob And John
dsi_4950036,Harbinger
dsi_2101162,Ballacashtal
dsi_4899650,All American
dsi_5733497,Fed Biz
dsi_4095903,Value Plus
dsi_531027,Factual I
dsi_430584,Goofalik
dsi_2131038,Forty Niner
dsi_2133866,Treasure Hunter
dsi_2137709,Tidaro
dsi_553322,Namaqualand
dsi_3548237,Dapper
dsi_374703,Jade Robbery
dsi_2129400,Beveled
dsi_3263323,Western Winter
dsi_3290980,Kashtan
dsi_3294102,Defacto I
dsi_3230192,Red Guest
dsi_5427394,Tapizar
dsi_4226971,Good Reward
dsi_614978,Partipral
dsi_35054586,Ut*mangarose
dsi_604835,Wizard King
dsi_545678,Right Win
dsi_160482,Heavenly Manna
dsi_2136659,Beyssac
dsi_3417652,Tannenkonig
dsi_738255,Polar Prince
dsi_2134048,Thowra
dsi_2114539,Rolfe
dsi_3609942,Zaha
dsi_332241,Husyan
dsi_3789541,Kadeed
dsi_353815,Opera Ghost
dsi_2867921,Distant Music
dsi_2131801,Port Etienne I
dsi_3280872,Tin Soldier I
dsi_3207729,High Tension
dsi_3532011,First American
dsi_2104466,Djarvis
dsi_3533614,Menifee
dsi_2134468,Kadrou
dsi_615629,Signe Divin
dsi_718305,Poplar Bluff
dsi_2105376,Fabulous Dancer
dsi_3192245,Miner's Lamp
dsi_33425,Homo Sapien
dsi_3294039,Awesome Again
dsi_551803,Up And At 'Em
dsi_3716496,Speedmaster
dsi_3590951,Bachir
dsi_2112901,Petorius
dsi_302883,Dolpour
dsi_559601,Bin Ajwaad
dsi_5767636,Violence
dsi_746144,Louis Quatorze
dsi_2126411,Jupiter Island
dsi_3261874,Charge D'Affaires
dsi_3189998,Octagonal
dsi_4872385,Legolas
