jockey_id,jockey
jky_293565,Danny McMenamin
jky_285654,Joe Williamson
jky_257538,Conor O'Farrell
jky_257349,Jonathon Bewley
jky_259077,Ryan Mania
jky_238497,Peter Kavanagh
jky_285300,Lilly Pinchin
jky_282915,Edward Austin
jky_244242,Mark Walsh
jky_289173,Darragh O'Keeffe
jky_266979,Rachael Blackmore
jky_255654,Harry Skelton
jky_264069,Sam Twiston-Davies
jky_253794,James Reveley
jky_276810,Charlie Deutsch
jky_282690,Harry Cobden
jky_262572,Danny Mullins
jky_247455,Sean Quinlan
jky_286512,Bruce Lynn
jky_281916,Sam Coltherd
jky_285558,Alan Doyle
jky_262311,Henry Brooke
jky_276252,Craig Nichol
jky_277740,Ross Chapman
jky_305853,Jack Power
jky_281496,Lorcan Murtagh
jky_244227,Brian Hughes
jky_262932,Nico de Boinville
jky_295554,Sean O'Keeffe
jky_279939,Mr Alex Chadwick
jky_266196,Keith Donoghue
jky_251892,Brian Hayes
jky_290304,Tiernan Power Roche
jky_283509,Jack Kennedy
jky_301317,Patrick Wadge
jky_266721,Gavin Sheehan
jky_296019,Jack Tudor
jky_278970,Stan Sheppard
jky_282387,Sean Houlihan
jky_276336,Paul O'Brien
jky_279831,Harry Reed
jky_304860,Danny Gilligan
jky_254808,Sean Flanagan
jky_262509,Tom Cannon
jky_257796,David Bass
jky_306519,Miss Heidi Palin
jky_294210,Emma Smith-Chaston
jky_264864,J J Slevin
jky_269835,Tom Bellamy
jky_305553,Conor Stone-Walsh
jky_275277,Jonathan Burke
jky_297921,Mr T Costello
jky_271218,Brendan Powell
jky_295839,John Shinnick
jky_289347,Ben Jones
jky_307311,Callum Pritchard
jky_267792,Richard Deegan
jky_289365,Jonjo O'Neill Jr
jky_279558,Sean Bowen
jky_281622,Theo Gillard
jky_285321,Isabel Williams
jky_259506,Paul Townend
jky_302916,Shane Fitzgerald
jky_255345,Mr P W Mullins
jky_304638,Freddie Gingell
jky_293307,Philip Armson
jky_271551,Jamie Hamilton
jky_291612,Tom Midgley
jky_270729,Jason Hart
jky_254571,Luke Morris
jky_294903,Marco Ghiani
jky_233301,Billy Loughnane
jky_29508,Robert Havlin
jky_299172,Tyler Heard
jky_303777,Joe Leavy
jky_276828,Paddy Bradley
jky_312057,Warren Fentiman
jky_287232,Rossa Ryan
jky_42996,David Nolan
jky_308601,Rhys Elliott
jky_303564,Kaiya Fraser
jky_230616,P J McDonald
jky_243498,Andrew Mullen
jky_285837,Ben Robinson
jky_253623,James Sullivan
jky_250764,Kieran O'Neill
jky_302718,Molly Gunn
jky_283989,Lewis Edmunds
jky_244113,Dale Swift
jky_234714,Dougie Costello
jky_294513,Grace McEntee
jky_285456,Billy Garritty
jky_238113,Paul Mulrennan
jky_302091,Aiden Brookes
jky_283725,George Wood
jky_291957,William Carver
jky_301050,Saffie Osborne
jky_284706,Sean Davis
jky_280029,Callum Shepherd
jky_278403,Josephine Gordon
jky_285711,Harry Russell
jky_292752,Oliver Stammers
jky_277695,Rowan Scott
jky_275571,Daniel Muscutt
jky_268881,Charles Bishop
jky_309594,Jack Doughty
jky_253248,Jack Mitchell
jky_298641,Oisin McSweeney
jky_286164,David Egan
jky_286323,Laura Coughlan
jky_299634,Alex Jary
jky_261870,Sam James
jky_281652,Oisin Orr
jky_301131,Mark Winn
jky_270309,Shane Gray
jky_289227,Faye McManoman
jky_280440,Clifford Lee
jky_286476,Georgia Dobie
jky_295056,Millie Wonnacott
jky_278085,Hollie Doyle
jky_302349,Jonny Peate
jky_284673,Miss J Townend
jky_277005,Donagh Meyler
jky_253998,Mr David Maxwell
jky_289578,Bryan Carver
jky_294975,Mr H C Swan
jky_303498,Philip Byrnes
jky_296364,Tristan Durrell
jky_274599,David Noonan
jky_254646,William Carson
jky_278418,Hector Crouch
jky_278196,Cam Hardie
jky_282675,Callum Rodriguez
jky_230493,Tom Eaves
jky_288666,Jason Watson
jky_297768,Jordan Gainford
jky_280623,Charlie Hammond
jky_265413,Derek Fox
jky_265353,Nick Slatter
jky_307806,Elliott England
jky_286938,Charlie Price
jky_260736,Adam Wedge
jky_279366,Lewis Stones
jky_275706,Tabitha Worsley
jky_266001,Conor Ring
jky_265086,Alan Johns
jky_290703,Jack Hogan
jky_262503,Miss Gina Andrews
jky_273690,James Best
jky_293733,Gavin Brouder
jky_275433,Miss Lucy Turner
jky_296661,Dylan Johnston
jky_242055,Mr Derek O'Connor
jky_303540,Jake Coen
jky_297747,Caoilin Quinn
jky_264270,Ben Poste
jky_297585,Shane Fenelon
jky_296142,Luke Scott
jky_275745,Micheal Nolan
jky_301095,Sam Ewing
jky_294087,Oakley Brown
jky_266652,Kielan Woods
jky_266772,James Smith
jky_238989,James Davies
jky_270273,Freddie Mitchell
jky_301323,Bradley Harris
jky_292383,Connor Brace
jky_262584,Jack Quinlan
jky_251094,Richie McLernon
jky_301572,Finn Lambert
jky_295335,Liam Harrison
jky_305277,Taylor Fisher
jky_257871,Nick Scholfield
jky_293979,Alice Bond
jky_281238,Jordan Williams
jky_259710,Trevor Whelan
jky_285624,William Cox
jky_258039,David Probert
jky_307500,Archie Young
jky_279633,Alistair Rawlinson
jky_305310,Connor Planas
jky_282474,Edward Greatrex
jky_302022,Frederick Larson
jky_274959,Joey Haynes
jky_290508,George Bass
jky_262767,Gina Mangan
jky_288531,Sean Kirrane
jky_277860,Dylan Hogan
jky_257346,Joanna Mason
jky_236760,Hayley Turner
jky_287355,Finley Marsh
jky_302214,Elle-May Croot
jky_311499,Jack Dace
jky_295548,Morgan Cole
jky_303900,Sean D Bowen
jky_301593,Aidan Keeley
jky_312036,Mason Paetel
jky_295989,Gianluca Sanna
jky_310857,Alfie Redman
jky_303567,Cian Horgan
jky_234669,David Allan
jky_290922,Adam Farragher
jky_272859,Raul Da Silva
jky_296865,Miss Megan Jordan
jky_312183,Mr Henry Callan
jky_274200,Miss Brodie Hampson
jky_269589,Mr Frederick Tett
jky_281373,Miss Alice Keighley
jky_308178,Miss Tilly Evans
jky_305343,Mr Curtis Wilson-Ruddock
jky_308517,Mr Joshua Brown
jky_311592,Miss Charli Parker
jky_312966,Miss Grace Knowles
jky_302760,Miss Violet Barton
jky_302820,Miss Jodie Wingrove
jky_301920,Benoit De La Sayette
jky_306210,Mikkel Mortensen
jky_304521,William Maggs
jky_295218,Tom Harney
jky_304500,Charlie Maggs
jky_293820,Jamie Brace
jky_303732,Mr I Ryan
jky_301674,Ellis Collier
jky_284934,Lorcan Williams
jky_274719,William Shanahan
jky_298437,Jack G Gilligan
jky_303693,Carl Millar
jky_299007,Ned Fox
jky_293832,Tom Buckley
jky_303561,Joshua Thompson
jky_307032,Tommie Jakes
jky_277458,Harry Burns
jky_285309,Ben Sanderson
jky_301137,Ryan Sexton
jky_279711,Kieran Shoemark
jky_295806,Laura Pearson
jky_307377,Chad Bament
jky_305181,Elizabeth Gale
jky_303138,Lewis Saunders
jky_309354,Mr Rian Corcoran
jky_303927,Mr J J Murphy-Knight
jky_310554,Mr Freddie Keighley
jky_312636,Miss Shannon Holmes
jky_303354,Rob Hargreaves
jky_286059,Miss Lily Bradstock
jky_242085,Marc Goldstein
jky_294411,Mr Jack Andrews
jky_294576,Mr Huw Edwards
jky_305178,Miss Olive Nicholls
jky_302094,Miss Amber Jackson-Fennell
jky_305583,Mr Thomas Easterby
jky_310770,Mr Robbie David
jky_276687,Miss Natalie Parker
jky_281571,Mr James King
jky_290307,Mrs Izzie Hill
jky_288498,Ben Godfrey
jky_298938,Ben Bromley
jky_289506,Niall Houlihan
jky_280059,Daniel Sansom
jky_285822,Joshua Bryan
jky_279960,Richard Patrick
jky_240126,Lucy Gardner
jky_279153,Max Kendrick
jky_285150,Rex Dingle
jky_277692,Ciaran Gethings
jky_303945,Freddie Gordon
jky_302610,Beau Morgan
jky_303774,Will Featherstone
jky_290490,James Bowen
jky_302274,Jay Tidball
jky_300534,Murray Dodd
jky_303396,Fern O'Brien
jky_295911,Harry Kimber
jky_249876,Lee Edwards
jky_296574,Oscar Palmer
jky_300099,Mr Toby McCain-Mitchell
jky_312981,Miss Jesika Rennie
jky_297618,Miss Lucy Brown
jky_300246,Toby Wynne
jky_304248,Miss Anna Johnston
jky_297963,Conor Rabbitt
jky_309624,Ben Smith
jky_299604,Lewis Dobb
jky_273198,Mr William Easterby
jky_304935,Cameron Johnstone-Baker
jky_308742,Benjamin Macey
jky_274026,Mr John Dixon
jky_263874,Jonathan England
jky_287082,Daire McConville
jky_303879,Isabelle Ryder
jky_41097,Neil Callan
jky_294762,Rhys Clutterbuck
jky_303102,Alec Voikhansky
jky_304575,Brandon Wilkie
jky_304524,Harry Davies
jky_308169,Ryan Kavanagh
jky_297840,Enzo Crublet
jky_287445,Darragh Keenan
jky_308637,Miss Alice Tregoning
jky_27096,Mr Simon Walker
jky_311151,Miss Kayleigh McCammon
jky_309282,Miss Margot Scudamore
jky_255840,Miss Michelle Bryant
jky_284127,Mr Fletcher Yarham
jky_254454,Mr Ross Birkett
jky_302724,Conner McCann
jky_304635,Ethan Jones
jky_298533,Sam Feilden
jky_297195,James Turner
jky_297411,Mr O McGill
jky_306930,Kyle McHugh
jky_303255,Anna McGuinness
jky_278322,Rob Hornby
jky_272154,Mr Kit Alexander
jky_41067,Jamie Spencer
jky_307197,Oliver Boyden
jky_281214,Tom Broughton
jky_293364,Alice Stevens
jky_259071,Nathan Moscrop
jky_308955,Dominic Hislop
jky_289245,Joe Anderson
jky_294684,Mr Jamie Neild
jky_298344,Cameron Iles
jky_274329,Mr Joshua Newman
jky_260070,Amie Waugh
jky_278205,Jack Garritty
jky_301080,Callum Hutchinson
jky_301428,William Pyle
jky_305664,Ethan Tindall
jky_293811,Daire Davis
jky_288633,Harrison Shaw
jky_306462,Mr Frederick Philipson-Stow
jky_267519,Mr Martin McIntyre
jky_309936,Mr Harry O'Dwyer
jky_309078,Mr Edward Vaughan
jky_310863,Mr James Shaw
jky_279354,Shane Quinlan
jky_310731,Osian Radford
jky_302325,Tom Kiely-Marshall
jky_311244,Lauren Young
jky_295749,Mohammed Tabti
jky_276906,Harry Bannister
jky_303549,Miss Megan Bevan
jky_291648,Charlie Todd
jky_306174,Ciaran O'Shea
jky_293253,Harriet Tucker
jky_266355,George Downing
jky_295494,Oliver Searle
jky_236805,Tom Queally
jky_306159,Tyrese Cameron
jky_281841,Tom Marquand
jky_306093,Alicia Perkins
jky_312114,Mr Daniel Williams
jky_305082,Mr Gregor Walkingshaw
jky_304650,Liam Wright
jky_302604,Taryn Langley
jky_41100,Shane Kelly
jky_311190,Isobelle Chalmers
jky_301197,Anna Gibson
jky_278184,Oisin Murphy
jky_312621,Ashley Lewis
jky_310275,Darragh O'Sullivan
jky_308697,Fred Daly
jky_306570,Matthew Lloyd Slater
jky_312618,Lillie Dingle
jky_309381,Oliver Carmichael
jky_282105,Thomas Greatrex
jky_278814,Nicola Currie
jky_290007,Zak Wheatley
jky_305484,Olivia Tubb
jky_289308,Mr Daniel Cherriman
jky_283719,Mr Sam Lee
jky_309840,Mr Archie Jones
jky_312828,Mrs Vicki Sollitt
jky_304752,Jamie Gambin
jky_303969,Harry Atkins
jky_285369,Jordan Nailor
jky_300468,Mr Ben Sutton
jky_311127,Shay Farmer
jky_308331,Lewis Chalkley
jky_289302,Miss Victoria Malzard
jky_290685,Kevin Brogan
jky_296916,Joe Bradnam
jky_295557,Cieren Fallon
jky_253908,Sean Levey
jky_7716,Joe Fanning
jky_299835,Miss Eleanor Williams
jky_262905,Mr Tommie M O'Brien
jky_297510,Eddie Edge
jky_309963,Baz Lewis
jky_310965,Shay Wallace
jky_284487,Mr Jake Bament
jky_292389,Mr Charlie Case
jky_274713,Ryan Treacy
jky_257379,William Buick
jky_20703,James Doyle
jky_306630,Sean Clarke
jky_288771,Ben Harvey
jky_308058,Miss Ellie Callwood
jky_262773,Mr Dale Peters
jky_304239,Miss Ella Herbison
jky_310248,Mr Tom Hutsby
jky_304755,Miss Natasha Cookson
jky_306459,Miss Lois Teal
jky_276834,Conor Orr
jky_247926,Andrew Elliott
jky_274323,Mr S Connor
jky_301326,Mr Henry Main
jky_276525,Miss Sarah Bowen
jky_304266,Miss Teagan Padgett
jky_307431,Poppy Scott
jky_283893,Pierre-Louis Jamin
jky_303036,James Ryan
jky_303261,Harry Sexton
jky_26976,Alex Harvey
jky_7368,J F Egan
jky_307917,Andrea Pinna
jky_286566,Luke Catton
jky_305646,Miss Abigail Voyce
jky_310029,Miss Louise Chance
jky_312864,Miss Madison Martin
jky_311535,Mr Charlie Bell
jky_303450,Miss Ellie Holder
jky_312066,Sean Grantham
jky_243612,E Walsh
jky_296598,Miss Imogen Mathias
jky_272709,George Buckell
jky_299988,James Robottom
jky_277308,Ben Ffrench Davis
jky_298062,Mr Paddy Barlow
jky_286605,Charlotte Jones
jky_299967,Miss Chloe Emsley
jky_253755,Mr William Biddick
jky_307062,Mr J H Williamson
jky_312609,Mr Samuel Scott
jky_35049,Miss Serena Brotherton
jky_310512,Miss Lauren Frost
jky_306456,Miss Hannah Dring
jky_295536,Miss Rosie Howarth
jky_241179,Mr Sebastian Perry
jky_311862,Mr Alexander Woodford
jky_307008,Miss Katie Garton
jky_303180,Daniel King
jky_286431,Mr E Mahon
jky_307641,Mr Archie Loweth
jky_305748,Leah Noreci
jky_272052,Mr Zac Baker
jky_281907,Mr Joe Wright
jky_261765,Mr John Dawson
jky_40938,Sgt Nick Oliver
jky_277578,Capt Douglas White
jky_280020,Lt Cdr Vicki Sollitt
jky_285669,Maj Will Kellard
jky_292344,Mark McDonagh
jky_250662,Richard Kingscote
jky_301491,Kyle Strydom
jky_305961,Sorin Moldoveanu
jky_296958,Tanguy Andrieux
jky_243690,Mr N McParlan
jky_303243,Zoe Lewis
jky_308502,Mr Harvey Barfoot-Saunt
jky_289050,Miss Thomasina Eyston
jky_310494,Jake Dickson
jky_293814,Mr David Dunsdon
jky_308787,Miss Katie Martin
jky_301557,Miss Chelsea Brooks
jky_302979,Mr Lewis Kent
jky_308682,Mr Billy Marshall
jky_277347,Bryony Frost
jky_308676,Miss Clara Brewitt
jky_302856,Mr Henry Bailey
jky_303822,Alexandra McDonnell
jky_312342,Phoebe Edwards
jky_307425,Miss Aimee Jones
jky_295908,Fergus Gillard
jky_306150,Rory Mulligan
jky_297429,Owen Lewis
jky_289338,Aaron Anderson
jky_306129,Chloe Lyons
jky_308319,Mr Jack Nicholls
jky_309549,Miss Megan Davies
jky_304251,Miss Ellie Mayo
jky_307794,Mr Shay Halton
jky_301716,Miss Pippa Brown
jky_301638,Miss Roisin Leech
jky_298893,Miss Megan Fox
jky_279219,Hugh Nugent
jky_312630,Zacharia Clarke
jky_304437,Olivia Haines
jky_279489,Mr Darren Andrews
jky_234756,Liam Keniry
jky_305145,Mr Jack Lander
jky_289095,Miss Amy Collier
jky_310398,Miss Stephanie Dorey
jky_309309,Miss Ella Smart
jky_305895,Mr Johnathan Rees
jky_232878,Bdr Benjamin Durrell
jky_300198,Sgt Nick Oliver
jky_293586,Sgt Nathan Rahman
jky_280020,L-Cdr Vicki Sollitt
jky_310680,Capt Isabel Harrison
jky_279936,Maj Charlie O'Shea
jky_311598,Patrick McGettigan
jky_290160,Elisha Whittington
jky_290544,Mr Finian Maguire
jky_307215,Mr Michael Try
jky_262599,Mr Patrick Millman
jky_307050,Nathan Andrews
jky_312642,Mr Finley Freeman
jky_301107,Jack Cleary
jky_286080,Mr Tom Chatfeild-Roberts
jky_302592,Miss Jess Stewart
jky_306687,Mr Ivor Herbert
jky_303999,Gearoid Harney
jky_241263,Stevie Donohoe
jky_285825,Michael O'Sullivan
jky_308814,Mr Ben Pollard
jky_311163,Mr Harry Smith
jky_304032,Mr Kevin Skelton
jky_274239,Mr Paul Hainey
jky_308439,Miss Hannah Crawford
jky_308727,Miss Jessica Flint
jky_309420,Miss Alice Cooke
jky_307845,Louise Akehurst
jky_289032,Mr Henry Crow
jky_277578,Mr Douglas White
jky_269919,Ross Coakley
jky_310677,Mr Joshua Parker
jky_312555,Mr Harry Brown
jky_277266,Harrison Beswick
jky_268731,William Featherstone
jky_306897,Mr Jude Fernandes
jky_308898,Mr Cian Murphy
jky_258828,Mr Nick Orpwood
jky_266895,Miss Becky Smith
jky_267726,Ludovic Philipperon
jky_249879,Felix De Giles
jky_281001,Benjamin Gelhay
jky_259818,John Fahy
jky_289722,Florent Bayle
jky_243798,Daryl Jacob
jky_297948,Mr Liam Trott
jky_234876,Mr Simon Elliott
jky_274503,James Martin
jky_280338,Paula Muir
jky_300429,Miss Leah Cooper
jky_273744,Liam McKenna
jky_310773,Miss Grace Littmoden
jky_287091,Miss Leanne Ferguson
jky_285930,Mr R James
jky_301677,Thomas Journiac
jky_277725,Alexandre Seigneul
jky_290802,Miss Molly Stratton
jky_300177,Miss Megan Wingrove
jky_299385,Lily Jones
jky_308520,Paddy Hanlon
jky_42702,Jim Crowley
jky_305346,Mr Andrew Burke-Ott
jky_268902,Chris Ward
jky_296568,Miss Kayleigh Rayner
jky_285900,Mr Matt Brown
jky_304935,Mr Cameron Johnstone-Baker
jky_272205,Ricky Doyle
jky_279237,G B Noonan
jky_310632,Miss Ella McGarry
jky_309306,Mr Billy Broomfield
jky_242007,Robert Dunne
jky_310548,R M Mulligan
jky_305829,Dylan Kidd
jky_301005,Gabin Meunier
jky_307422,Calum Hogan
jky_301704,Mr Sean O'Connor
jky_311985,Mr Richard Upton
jky_272949,James O'Sullivan
jky_307578,Mr Jack Callan
jky_297477,Miss Jessica Llewellyn
jky_307272,Miss Amy Tucker
jky_312180,Mr McKenzie Graham
jky_244275,W J Lee
jky_292584,Mike O'Connor
jky_251193,Mr P A King
jky_301617,Mr J L Gleeson
jky_276588,Gearoid Brouder
jky_297033,Charlie O'Dwyer
jky_308973,Sam Garcia
jky_287322,Alexis Pouchin
jky_269877,Colin Keane
jky_306357,Mia Nicholls
jky_301152,Rose Dawes
jky_306345,Wayne Hassett
jky_7488,Jimmy Quinn
jky_279411,Simon Torrens
jky_297513,J M Sheridan
jky_280692,Mr Charlie Marshall
jky_302295,Mr J W Hendrick
jky_309936,Mr H D O'Dwyer
jky_310665,Miss Leah Banham
jky_309804,Miss Courtney Peet
jky_311571,Miss Milica Jovana Dusanovic
jky_224976,G Cheyne
jky_301140,Christian Howarth
jky_311496,Mr Archie Burgess
jky_251238,Silvestre De Sousa
jky_272130,Callum Bewley
jky_308958,Miss Iesha Wilding
jky_245070,Mr Philip Thomas
jky_310668,Miss Isabella Oliver
jky_308658,Miss Rebecca Burley
jky_305784,Miss Maddison Wright
jky_310572,Mr William Dunlop
jky_306471,Miss Arabella Fox
jky_237606,Ryan Moore
jky_259047,Shane Foley
jky_296334,Mr L P Shanahan
jky_307806,Mr Elliott England
jky_271176,Mr D G Lavery
jky_310260,Dominique Van Der Kraats
jky_307194,Miss Jessica Milly Smith
jky_309312,Miss Chloe Mills
jky_301671,Mr Peter Summers
jky_307788,Miss Holly Flynn
jky_310731,Mr Osian Radford
jky_276792,Charlie Bennett
jky_310776,Miss Poppy Wynne
jky_266394,Ray Dawson
jky_272604,Connor Beasley
jky_227388,Christophe Soumillon
jky_246693,Daniel Tudhope
jky_250446,Chris Hayes
jky_254637,Maxime Guyon
jky_226497,Stephane Pasquier
jky_287241,Mme Marie Velon
jky_278601,Faleh Bughenaim
jky_266550,Cristian Demuro
jky_260544,Gary Carroll
jky_301665,Miss Katie Powell
jky_292242,Miss A B O'Connor
jky_276108,Mr Eireann Cagney
jky_275601,Kevin Stott
jky_297114,Miss Jessica Bedi
jky_226518,Pat Dobbs
jky_310407,Hana Macdonald
jky_301830,Jay Mackay
jky_297126,Miss Alex Garven
jky_237732,Sam Hitchcott
jky_299364,Jamie Powell
jky_309135,Keithen Kennedy
jky_229806,Wayne Lordan
jky_283641,Andrew Breslin
jky_277176,Mr John Reddington
jky_290628,Shariq Mohd
jky_288828,Connor Murtagh
jky_292182,Kai Lenihan
jky_309045,Mr Ned Sangster
jky_305964,Mr B M Coonan
jky_298617,Mr Guy Mitchell
jky_284358,Mrs Emily Roberts
jky_43887,Pat Cosgrave
jky_294780,George Rooke
jky_262800,Mickael Barzalona
jky_311853,Miss Katie Donnelly
jky_247806,John Kington
jky_301545,Kieran Callaghan
jky_246366,Duran Fentiman
jky_32232,Mr Geoff Barfoot-Saunt
jky_22374,Franny Norton
jky_275886,Mr James Harding
jky_311559,Mr D Poggi
jky_311562,Mr A Lezama
jky_288651,Mr Jonathan Plassard
jky_306069,Mr Matyas Luka
jky_226827,Robbie Colgan
jky_279228,Rhiain Ingram
jky_268674,Sammy Jo Bell
jky_278985,Megan Nicholls
jky_263244,Mark Enright
jky_282072,Adam McNamara
jky_249150,David England
jky_276372,David Mullins
jky_226392,Adrian Nicholls
jky_8238,Jimmy McCarthy
jky_28107,Jason Edmunds
jky_263187,B J Cooper
jky_268503,Bridget Andrews
jky_25269,Brian Harding
jky_2157,Gerald Mosse
jky_36870,Richard Johnson
jky_42993,Jim Culloty
jky_41988,Neil Pollard
jky_289029,Gavin Ryan
jky_294156,Alex Fielding
jky_311784,Miss Sophiemorgan Johnstone
jky_311670,Mr Harry Snellgrove
jky_308133,Miss Aaliyah Bowers-Carter
jky_310494,Mr Jake Dickson
jky_291090,Andrew Slattery
jky_238671,Mrs Jo Supple
jky_303570,Dillon Butler
jky_305376,Miss Lauren Keen-Hawkins
jky_310365,Miss Lillie May
jky_308151,Miss Sienna Shepard
jky_278466,Jack Gilligan
jky_309651,Miss Ella Fryer
jky_310395,Miss Remie Morgan
jky_306054,Miss Kayleigh Stephens
jky_289050,Thomasina Eyston
jky_307431,Miss Poppy Scott
jky_275124,Miss Megan Trainor
jky_281214,Mr Tom Broughton
jky_289707,Luke McAteer
jky_262047,Andrea Atzeni
jky_39609,Declan McDonogh
jky_295551,Siobhan Rutledge
jky_228411,Christophe-Patrice Lemaire
jky_292674,Alan King
jky_302547,Aileen O'Sullivan
jky_302925,Robert Whearty
jky_302631,Adam Caffrey
jky_231042,Tadhg O'Shea
jky_309318,Miss Ella McGarty-Jones
jky_295113,Miss Rosie Margarson
jky_311583,Rachel Venniker
jky_311577,Jose-Luis Borrego
jky_285792,Nanako Fujita
jky_278490,Bauyrzhan Murzabayev
jky_283221,Rachel King
jky_22815,Seamie Heffernan
jky_311580,Marie Velon
jky_250965,Alberto Sanna
jky_284565,Cameron Noble
jky_306402,Levi Bedford
jky_287052,Danny Sheehy
jky_311538,Miss Giulia Pellegrini
jky_308478,Miss Judit Dickinson
jky_292785,Miss Jenny Langhard
jky_289581,Mrs Karen Dieltjens
jky_294942,Mlle Tereza Grbavcicova
jky_272061,C Y Ho
jky_265896,Harry Bentley
jky_303363,Sabina Mokrosova
jky_299181,Dylan Browne McMonagle
jky_291093,Ben Coen
jky_275280,Szczepan Mazur
jky_275805,Mr Aiden Blakemore
jky_294291,Sorcha Woods
jky_300534,Mr Murray Dodd
jky_301257,Miss Sophie Smith
jky_311040,Miss Becca Shepherd
jky_304797,Mr Jack Wilmot
jky_265182,Richard Oliver
jky_291978,Mr Adam O'Shea
jky_306876,Miss Evie Young
jky_237345,Paddy Mathers
jky_287325,Angus Cheleda
jky_307311,Mr Callum Pritchard
jky_269154,K W De Oliveira
jky_306021,Miss Alice Procter
jky_311370,Miss Abbie Pierce
jky_301059,Cian Chester
jky_278652,Phil Dennis
jky_306291,Courtney Thomas
jky_281877,Miss Lauren Sanders
jky_283821,Killian Leonard
jky_308640,Miss Lizzie O'Neill
jky_301035,Oliver Timms
jky_288162,Scott McCullagh
jky_284931,Abbie McCain
jky_301134,Mr D McGill
jky_270129,Mr P J Cawley
jky_290676,Bradley Roberts
jky_284559,Jonathan Fisher
jky_305937,Miss Carys Morris
jky_295542,Hugh Horgan
jky_265689,Ronan Whelan
jky_258924,Joel Rosario
jky_254853,Aurelien Lemaitre
jky_40923,Royston Ffrench
jky_284973,Emisael Jaramillo
jky_254337,Fabien Lefebvre
jky_308970,Mr Ryan Price
jky_302553,Jack Enright
jky_281538,Thomas Dowson
jky_303084,Miss A Hourigan
jky_302613,Miss Charlotte Butler
jky_308955,Mr Dominic Hislop
jky_307428,Miss Kayla Ruddy
jky_300174,Mr Cameron Hillhouse
jky_302721,Ms Laura Ward
jky_264597,Miss Immy Robinson
jky_246993,Mr Peter Mason
jky_289851,Mr David O'Brien
jky_310719,Mr Conal Kavanagh
jky_278973,Mr Jack Teal
jky_308334,Mr Michael Treneer
jky_306630,Mr Sean Clarke
jky_308973,Mr Sam Garcia
jky_305046,Caragh Monaghan
jky_302121,Mr Joseph Stevenson
jky_295329,Mr Milo Herbert
jky_310866,Miss Isobel Mactaggart
jky_283980,Mitchell Aitken
jky_269163,Robert Williams
jky_302415,Wesley Joyce
jky_297054,Minty Bloss
jky_238530,Mr Darren Edwards
jky_283218,Fergus Gregory
jky_270273,Mr Freddie Mitchell
jky_310752,Aidan Jones
jky_309795,Mr William Hamilton
jky_300354,Mr A P Ryan
jky_298095,Dylan Whelan
jky_257253,Mr Hakan Sensoy
jky_307809,Rafael Souza
jky_41754,Mr Phillip York
jky_289749,Mr Harry Myddelton
jky_272559,Mr Bradley Gibbs
jky_302025,Miss Heidi Stevens
jky_286032,Mr George Hiscock
jky_299625,Mr Charlie Sprake
jky_302283,Mr Daniel Kyne
jky_268488,Mr Robert Hawker
jky_309969,Mr Nicholas Romain
jky_299994,Mr Myles Osborne
jky_302841,Mr Josh Barber
jky_266607,Stephen Mulqueen
jky_298488,Mr A J O'Neill
jky_310704,Bdr Jody Sole
jky_310680,Lt Isabel Harrison
jky_310713,Tpr Lucy Westlake
jky_288975,Col Domenico D'Alo
jky_310707,Lt Billy Aprahamian
jky_307377,Mr Chad Bament
jky_308520,Mr Paddy Hanlon
jky_306036,Amy Hunt
jky_305334,Miss Clodagh Horrigan
jky_229905,Paddy Brennan
jky_310626,Miss Emma J Brown
jky_277920,Mr T Hamilton
jky_262974,Jody McGarvey
jky_272112,Kevin Sexton
jky_307197,Mr Oliver Boyden
jky_286584,Conor McNamara
jky_291924,Shane O'Callaghan
jky_298800,Mr D T Hyde
jky_310566,Mr Henry Moore
jky_284397,Cillin Leonard
jky_303042,Miss Molly Landau
jky_281148,Donagh O'Connor
jky_290820,Cian MacRedmond
jky_305343,Curtis Wilson-Ruddock
jky_310479,Mr Jos Lovegrove-Fielden
jky_295719,Aidan Kelly
jky_294678,Kieren Buckley
jky_243192,Mr Rupert Stearn
jky_260751,Alex Edwards
jky_10461,Mr B O'Neill
jky_263010,A P Heskin
jky_260280,Mr J C Barry
jky_274560,Mr D Allen
